SKU;Titel;Handle;URL;Merk;Soort;Prijs incl;Van-prijs;Eenheid;Voorraad;Collecties;Afbeelding
915603;Bookwill - Digitale Hygro/Temperatuur meter - Zwart 60x35x15;bookwill-digitale-hygro-temperatuur-meter-zwart-60x35x15;https://rokersbenodigdheden.com/products/bookwill-digitale-hygro-temperatuur-meter-zwart-60x35x15;Bookwill;Knippers & Asbakken;15,00;;1 stuk;10;all|knippers-asbakken|merk-bookwill;https://cdn.shopify.com/s/files/1/0953/4033/1388/files/915603.jpg?v=1778073354
915514;Bookwill - Humidor Vocht-element - 159x17x18mm - Zwart;bookwill-humidor-vocht-element-159x17x18mm-zwart;https://rokersbenodigdheden.com/products/bookwill-humidor-vocht-element-159x17x18mm-zwart;Bookwill;Knippers & Asbakken;3,95;;1 stuk;10;all|humidors|knippers-asbakken|merk-bookwill|sigaren|sigaren-etuis;https://cdn.shopify.com/s/files/1/0953/4033/1388/files/915514_1_4.jpg?v=1778073354
915513;Bookwill - Humidor Vocht-element - 160x16x18mm - Zwart Oase;bookwill-humidor-vocht-element-160x16x18mm-zwart-oase;https://rokersbenodigdheden.com/products/bookwill-humidor-vocht-element-160x16x18mm-zwart-oase;Bookwill;Knippers & Asbakken;5,50;;1 stuk;10;all|humidors|knippers-asbakken|merk-bookwill|sigaren|sigaren-etuis;https://cdn.shopify.com/s/files/1/0953/4033/1388/files/915513_1_16.jpg?v=1778073338
915499;Bookwill - Sigaar Houder / Standaard;bookwill-sigaar-houder-standaard;https://rokersbenodigdheden.com/products/bookwill-sigaar-houder-standaard;Bookwill;Knippers & Asbakken;8,50;;1 stuk;10;all|filters-houders|knippers-asbakken|merk-bookwill;https://cdn.shopify.com/s/files/1/0953/4033/1388/files/915499_1_17.jpg?v=1778073338
426230;Bookwill - Sigaren-asbak - Bakelite - Zwart (15x15x3.5cm);bookwill-sigaren-asbak-bakelite-zwart-15x15x3-5cm;https://rokersbenodigdheden.com/products/bookwill-sigaren-asbak-bakelite-zwart-15x15x3-5cm;Bookwill;Knippers & Asbakken;12,95;;1 stuk;10;all|asbakken|knippers-asbakken|merk-bookwill|sigaren|sigaren-asbakken;https://cdn.shopify.com/s/files/1/0953/4033/1388/files/bookwill_-_sigaren-asbak_-_bakelite_-_zwart_15x15x3_5cm.jpg?v=1778073429
910525;Bookwill - Sigarenboor - Set 3 maten - 7/10/14mm - Chrome;bookwill-sigarenboor-set-3-maten-7-10-14mm-chrome;https://rokersbenodigdheden.com/products/bookwill-sigarenboor-set-3-maten-7-10-14mm-chrome;Bookwill;Knippers & Asbakken;24,95;;1 stuk;10;all|knippers-asbakken|merk-bookwill|sigaren|sigarenboren;https://cdn.shopify.com/s/files/1/0953/4033/1388/files/910525.jpg?v=1778073335
426408;Bookwill - Sigarenknipper (gesloten achterkant) - Zwart;bookwill-sigarenknipper-gesloten-achterkant-zwart;https://rokersbenodigdheden.com/products/bookwill-sigarenknipper-gesloten-achterkant-zwart;Bookwill;Knippers & Asbakken;3,50;;1 stuk;10;all|knippers-asbakken|merk-bookwill|sigaren|sigarenknippers;https://cdn.shopify.com/s/files/1/0953/4033/1388/files/426408_-_totaal.jpg?v=1778073496
910112;Bookwill - Sigarenknipper - Double-Cut - Plastic - In Etui;bookwill-sigarenknipper-double-cut-plastic-in-etui;https://rokersbenodigdheden.com/products/bookwill-sigarenknipper-double-cut-plastic-in-etui;Bookwill;Knippers & Asbakken;4,50;;1 stuk;10;all|knippers-asbakken|merk-bookwill|sigaren|sigarenknippers;https://cdn.shopify.com/s/files/1/0953/4033/1388/files/910112_1_41.jpg?v=1778073334
910120;Bookwill - Sigarenknipper - Double-Cut - XL Ø32mm - Plastic;bookwill-sigarenknipper-double-cut-xl-32mm-plastic;https://rokersbenodigdheden.com/products/bookwill-sigarenknipper-double-cut-xl-32mm-plastic;Bookwill;Knippers & Asbakken;2,50;;1 stuk;10;all|knippers-asbakken|merk-bookwill|sigaren|sigarenknippers;https://cdn.shopify.com/s/files/1/0953/4033/1388/files/910120_1_22.jpg?v=1778073333
426410;Bookwill Humidor - 25 Cigars - Tobacco Leaf;bookwill-humidor-25-cigars-tobacco-leaf;https://rokersbenodigdheden.com/products/bookwill-humidor-25-cigars-tobacco-leaf;Bookwill;Knippers & Asbakken;138,50;;1 stuk;10;all|humidors|knippers-asbakken|merk-bookwill|sigaren|sigaren-etuis;https://cdn.shopify.com/s/files/1/0953/4033/1388/files/426410.jpg?v=1778073488
426412;Bookwill Humidor - 35 Cigars - Rosewood w/ Cigar Logo;bookwill-humidor-35-cigars-rosewood-w-cigar-logo;https://rokersbenodigdheden.com/products/bookwill-humidor-35-cigars-rosewood-w-cigar-logo;Bookwill;Knippers & Asbakken;138,50;;1 stuk;10;all|humidors|knippers-asbakken|merk-bookwill|sigaren|sigaren-etuis;https://cdn.shopify.com/s/files/1/0953/4033/1388/files/426412.jpg?v=1778073489
426411;Bookwill Humidor - 35 Cigars - Walnut w/ Cigar Logo;bookwill-humidor-35-cigars-walnut-w-cigar-logo;https://rokersbenodigdheden.com/products/bookwill-humidor-35-cigars-walnut-w-cigar-logo;Bookwill;Knippers & Asbakken;138,50;;1 stuk;10;all|humidors|knippers-asbakken|merk-bookwill|sigaren|sigaren-etuis;https://cdn.shopify.com/s/files/1/0953/4033/1388/files/426411.jpg?v=1778073489
426415;Bookwill Humidor - 50 Cigars - Matt Wood w/ Hygrometer;bookwill-humidor-50-cigars-matt-wood-w-hygrometer;https://rokersbenodigdheden.com/products/bookwill-humidor-50-cigars-matt-wood-w-hygrometer;Bookwill;Knippers & Asbakken;411,25;;1 stuk;10;all|humidors|knippers-asbakken|merk-bookwill|sigaren|sigaren-etuis;https://cdn.shopify.com/s/files/1/0953/4033/1388/files/426415.jpg?v=1778073491
426414;Bookwill Humidor - 75 Cigars - Cherry Hi Gloss w/ Hygrometer;bookwill-humidor-75-cigars-cherry-hi-gloss-w-hygrometer;https://rokersbenodigdheden.com/products/bookwill-humidor-75-cigars-cherry-hi-gloss-w-hygrometer;Bookwill;Knippers & Asbakken;263,50;;1 stuk;10;all|humidors|knippers-asbakken|merk-bookwill|sigaren|sigaren-etuis;https://cdn.shopify.com/s/files/1/0953/4033/1388/files/426414.jpg?v=1778073492
426413;Bookwill Humidor - 75 Cigars - Glass top w/ Hygrometer;bookwill-humidor-75-cigars-glass-top-w-hygrometer;https://rokersbenodigdheden.com/products/bookwill-humidor-75-cigars-glass-top-w-hygrometer;Bookwill;Knippers & Asbakken;319,00;;1 stuk;10;all|humidors|knippers-asbakken|merk-bookwill|sigaren|sigaren-etuis;https://cdn.shopify.com/s/files/1/0953/4033/1388/files/426413.jpg?v=1778073493
270078;Bookwill Sigaren-asbak - 200x100x25 - 1-Legger - Zwart;bookwill-sigaren-asbak-200x100x25-1-legger-zwart;https://rokersbenodigdheden.com/products/bookwill-sigaren-asbak-200x100x25-1-legger-zwart;Bookwill;Knippers & Asbakken;33,95;39,95;1 stuk;6;all|asbakken|knippers-asbakken|merk-bookwill|sale|sigaren|sigaren-asbakken;https://cdn.shopify.com/s/files/1/0953/4033/1388/files/270078_1_22.jpg?v=1778073328
270075;Bookwill Sigaren-asbak - 210x110x25 - 2-Legger - Gelakt Rood;bookwill-sigaren-asbak-210x110x25-2-legger-gelakt-rood;https://rokersbenodigdheden.com/products/bookwill-sigaren-asbak-210x110x25-2-legger-gelakt-rood;Bookwill;Knippers & Asbakken;33,95;39,95;1 stuk;3;all|asbakken|knippers-asbakken|merk-bookwill|sale|sigaren|sigaren-asbakken;https://cdn.shopify.com/s/files/1/0953/4033/1388/files/270075.jpg?v=1778073329
453466;Bookwill Sigarenetui - Binnen 125x20 - 3x Petit Corona Zwart;bookwill-sigarenetui-binnen-125x20-3x-petit-corona-zwart;https://rokersbenodigdheden.com/products/bookwill-sigarenetui-binnen-125x20-3x-petit-corona-zwart;Bookwill;Knippers & Asbakken;23,50;;1 stuk;10;all|knippers-asbakken|merk-bookwill|sigaren|sigarenkokers;https://cdn.shopify.com/s/files/1/0953/4033/1388/files/453466.jpg?v=1778073352
330158;Bookwill Sigarenkoker - 99x141x21 - 6x W.Havana - Leer Bruin;bookwill-sigarenkoker-99x141x21-6x-w-havana-leer-bruin;https://rokersbenodigdheden.com/products/bookwill-sigarenkoker-99x141x21-6x-w-havana-leer-bruin;Bookwill;Knippers & Asbakken;50,00;59,00;1 stuk;5;all|knippers-asbakken|merk-bookwill|sale|sigaren|sigarenkokers|sigarettenkokers;https://cdn.shopify.com/s/files/1/0953/4033/1388/files/330158_1_2.jpg?v=1778073549
419239;FOX - Cigar Club Sigarenknipper - RVS (inc. lederen hoes);fox-cigar-club-sigarenknipper-rvs-inc-lederen-hoes;https://rokersbenodigdheden.com/products/fox-cigar-club-sigarenknipper-rvs-inc-lederen-hoes;Fox;Knippers & Asbakken;81,00;;1 stuk;10;all|knippers-asbakken|merk-fox|sigaren|sigarenknippers;https://cdn.shopify.com/s/files/1/0953/4033/1388/files/419239_1.jpg?v=1778073355
910155;Faro - Sigarenknipper - Ø22mm - Double-Cut - Black/Red;faro-sigarenknipper-22mm-double-cut-black-red;https://rokersbenodigdheden.com/products/faro-sigarenknipper-22mm-double-cut-black-red;Faro;Knippers & Asbakken;19,50;;1 stuk;10;all|knippers-asbakken|merk-faro|sigaren|sigarenknippers;https://cdn.shopify.com/s/files/1/0953/4033/1388/files/910155-1_1_18.jpg?v=1778073335
426160;Formula - Sigarenknipper V-cut + Boor + Air Pin - Zilver;formula-sigarenknipper-v-cut-boor-air-pin-zilver;https://rokersbenodigdheden.com/products/formula-sigarenknipper-v-cut-boor-air-pin-zilver;Formula;Knippers & Asbakken;23,95;29,95;1 stuk;6;all|knippers-asbakken|merk-formula|sale|sigaren|sigarenboren|sigarenknippers;https://cdn.shopify.com/s/files/1/0953/4033/1388/files/426160-1_1.jpg?v=1778073403
426161;Formula - Sigarenknipper V-cut + Boor + Air Pin - Zwart;formula-sigarenknipper-v-cut-boor-air-pin-zwart;https://rokersbenodigdheden.com/products/formula-sigarenknipper-v-cut-boor-air-pin-zwart;Formula;Knippers & Asbakken;29,95;;1 stuk;10;all|knippers-asbakken|merk-formula|sigaren|sigarenboren|sigarenknippers;https://cdn.shopify.com/s/files/1/0953/4033/1388/files/426161-1_1.jpg?v=1778073404
426406;Zorr - Sigaarhouder - Ceramic;zorr-sigaarhouder-ceramic-display-12-stuks;https://rokersbenodigdheden.com/products/zorr-sigaarhouder-ceramic-display-12-stuks;Zorr;Knippers & Asbakken;10,50;;1 stuk;10;filters-houders|knippers-asbakken|merk-zorr;https://cdn.shopify.com/s/files/1/0953/4033/1388/files/426406-1.jpg?v=1778073494
426407;Zorr - Sigaren-asbak - Melamine;zorr-sigaren-asbak-melamine-display-6-stuks;https://rokersbenodigdheden.com/products/zorr-sigaren-asbak-melamine-display-6-stuks;Zorr;Knippers & Asbakken;11,50;;1 stuk;10;asbakken|knippers-asbakken|merk-zorr|sigaren|sigaren-asbakken;https://cdn.shopify.com/s/files/1/0953/4033/1388/files/426407-1.jpg?v=1778073495
310113;Belbox - Sigarettenbox - 30 Sig. - Set van 4;belbox-sigarettenbox-30-sig-display-12-stuks;https://rokersbenodigdheden.com/products/belbox-sigarettenbox-30-sig-display-12-stuks;Belbox;Kokers & Etuis;6,95;;Set van 4;10;all|kokers-etuis|merk-belbox;https://cdn.shopify.com/s/files/1/0953/4033/1388/files/310113_1_28.jpg?v=1778073320
310131;Belbox - Sigarettenbox - 85mm - 30 Sig. - Metalic - Set van 4;belbox-sigarettenbox-85mm-30-sig-metalic-12-st;https://rokersbenodigdheden.com/products/belbox-sigarettenbox-85mm-30-sig-metalic-12-st;Belbox;Kokers & Etuis;9,95;;Set van 4;10;all|kokers-etuis|merk-belbox;https://cdn.shopify.com/s/files/1/0953/4033/1388/files/310131_39.jpg?v=1778073321
418568;Belbox - Sigarettenbox - 85mm - 40 Sig. - Metalic - Set van 4;belbox-sigarettenbox-85mm-40-sig-metalic-9-stuks;https://rokersbenodigdheden.com/products/belbox-sigarettenbox-85mm-40-sig-metalic-9-stuks;Belbox;Kokers & Etuis;10,95;;Set van 4;10;all|kokers-etuis|merk-belbox;https://cdn.shopify.com/s/files/1/0953/4033/1388/files/57946-1_25.jpg?v=1778073343
418569;Belbox - Sigarettenbox - 85mm - 50 Sig. - Metalic - Set van 4;belbox-sigarettenbox-85mm-50-sig-metalic-9-stuks;https://rokersbenodigdheden.com/products/belbox-sigarettenbox-85mm-50-sig-metalic-9-stuks;Belbox;Kokers & Etuis;12,95;;Set van 4;10;all|kokers-etuis|merk-belbox;https://cdn.shopify.com/s/files/1/0953/4033/1388/files/belbox-metalic-display-9-stuks_30.jpg?v=1778073345
310144;Belbox - Sigarettenkoker - 18 Sig. - Leather look;belbox-sigarettenkoker-18-sig-leather-look;https://rokersbenodigdheden.com/products/belbox-sigarettenkoker-18-sig-leather-look;Belbox;Kokers & Etuis;3,95;;1 stuk;10;all|kokers-etuis|merk-belbox|sigarettenkokers;https://cdn.shopify.com/s/files/1/0953/4033/1388/files/310144_34.png?v=1778073322
420746;Bookwill - Asbak 11cm - Chrome;bookwill-asbak-11cm-chrome;https://rokersbenodigdheden.com/products/bookwill-asbak-11cm-chrome;Bookwill;Kokers & Etuis;8,50;;1 stuk;10;all|asbakken|kokers-etuis|merk-bookwill;https://cdn.shopify.com/s/files/1/0953/4033/1388/files/420746_25.jpg?v=1778073351
279803;Bookwill - Auto-Asbak / beker - Glow in the Dark - Set van 4;bookwill-auto-asbak-beker-glow-in-the-dark-12-stuks;https://rokersbenodigdheden.com/products/bookwill-auto-asbak-beker-glow-in-the-dark-12-stuks;Bookwill;Kokers & Etuis;8,95;;Set van 4;10;all|asbakken|kokers-etuis|merk-bookwill;https://cdn.shopify.com/s/files/1/0953/4033/1388/files/279803_1_33.jpg?v=1778073324
279975;Bookwill - Draai-asbak - 120mm - Glas - Chrome/Zwart;bookwill-draai-asbak-120mm-glas-chrome-zwart;https://rokersbenodigdheden.com/products/bookwill-draai-asbak-120mm-glas-chrome-zwart;Bookwill;Kokers & Etuis;12,95;;1 stuk;10;all|asbakken|kokers-etuis|merk-bookwill;https://cdn.shopify.com/s/files/1/0953/4033/1388/files/279975_1_40.jpg?v=1778073328
279988;Bookwill - Klep-Asbak - 100mm - Chrome/Chrome;bookwill-klep-asbak-100mm-chrome-chrome;https://rokersbenodigdheden.com/products/bookwill-klep-asbak-100mm-chrome-chrome;Bookwill;Kokers & Etuis;6,95;;1 stuk;10;all|asbakken|kokers-etuis|merk-bookwill;https://cdn.shopify.com/s/files/1/0953/4033/1388/files/279988.jpg?v=1778073327
279985;Bookwill - Klep-Asbak - 110mm - Ribbel Chrome;bookwill-klep-asbak-110mm-ribbel-chrome;https://rokersbenodigdheden.com/products/bookwill-klep-asbak-110mm-ribbel-chrome;Bookwill;Kokers & Etuis;6,50;;1 stuk;10;all|asbakken|kokers-etuis|merk-bookwill;https://cdn.shopify.com/s/files/1/0953/4033/1388/files/279985_29.jpg?v=1778073326
330155;Bookwill Sigarettenkoker - 100mm - KS - Nikkel - 1 stuk;bookwill-sigarettenkoker-100mm-ks-nikkel-1-stuk;https://rokersbenodigdheden.com/products/bookwill-sigarettenkoker-100mm-ks-nikkel-1-stuk;Bookwill;Kokers & Etuis;21,95;;1 stuk;10;all|kokers-etuis|merk-bookwill|sigarettenkokers;https://cdn.shopify.com/s/files/1/0953/4033/1388/files/330155_1_22.jpg?v=1778073331
426347;Champ - Asbak - Big Mouth (1 St.);champ-asbak-big-mouth-1-st;https://rokersbenodigdheden.com/products/champ-asbak-big-mouth-1-st;Champ;Kokers & Etuis;7,95;;1 stuk;10;all|asbakken|kokers-etuis|merk-champ;https://cdn.shopify.com/s/files/1/0953/4033/1388/files/426347-3.jpg?v=1778073470
426348;Champ - Asbak - Food Assortiment;champ-asbak-food-assortiment-display-12st;https://rokersbenodigdheden.com/products/champ-asbak-food-assortiment-display-12st;Champ;Kokers & Etuis;8,50;;1 stuk;10;all|asbakken|kokers-etuis|merk-champ;https://cdn.shopify.com/s/files/1/0953/4033/1388/files/426348.jpg?v=1778073467
426625;Champ - Auto-Asbak / Peuken-beker - Boss;champ-auto-asbak-peuken-beker-boss-display-6-st;https://rokersbenodigdheden.com/products/champ-auto-asbak-peuken-beker-boss-display-6-st;Champ;Kokers & Etuis;7,95;;1 stuk;10;all|asbakken|kokers-etuis|merk-champ;https://cdn.shopify.com/s/files/1/0953/4033/1388/files/426625-3.jpg?v=1778073602
426627;Champ - Auto-Asbak / Peuken-beker - Colours;champ-auto-asbak-peuken-beker-colours-display-6-st;https://rokersbenodigdheden.com/products/champ-auto-asbak-peuken-beker-colours-display-6-st;Champ;Kokers & Etuis;7,50;;1 stuk;10;all|asbakken|kokers-etuis|merk-champ;https://cdn.shopify.com/s/files/1/0953/4033/1388/files/426627-9.jpg?v=1778073615
426624;Champ - Auto-Asbak / Peuken-beker - LED;champ-auto-asbak-peuken-beker-led-display-6-st;https://rokersbenodigdheden.com/products/champ-auto-asbak-peuken-beker-led-display-6-st;Champ;Kokers & Etuis;6,95;;1 stuk;10;all|asbakken|kokers-etuis|merk-champ;https://cdn.shopify.com/s/files/1/0953/4033/1388/files/426624-11.jpg?v=1778073604
426022;Champ - Shag-zak - 160x90mm - Multicolor;champ-shag-zak-160x90mm-multicolor-display-12-stuks;https://rokersbenodigdheden.com/products/champ-shag-zak-160x90mm-multicolor-display-12-stuks;Champ;Kokers & Etuis;9,50;;1 stuk;10;all|kokers-etuis|merk-champ|rokersbenodigdheden|rolling-boxes;https://cdn.shopify.com/s/files/1/0953/4033/1388/files/426022.jpg?v=1778073382
426023;Champ - Shag-zak - 160x90mm - Zebraprint;champ-shag-zak-160x90mm-zebraprint-display-12-stuks;https://rokersbenodigdheden.com/products/champ-shag-zak-160x90mm-zebraprint-display-12-stuks;Champ;Kokers & Etuis;10,50;;1 stuk;10;all|kokers-etuis|merk-champ|rokersbenodigdheden|rolling-boxes;https://cdn.shopify.com/s/files/1/0953/4033/1388/files/426023-7.jpg?v=1778073383
426005;Champ - Shag-zak - 165x90mm - AC/DC;champ-shag-zak-165x90mm-ac-dc-display-12-stuks;https://rokersbenodigdheden.com/products/champ-shag-zak-165x90mm-ac-dc-display-12-stuks;Champ;Kokers & Etuis;14,50;;1 stuk;10;all|kokers-etuis|merk-champ|rokersbenodigdheden|rolling-boxes;https://cdn.shopify.com/s/files/1/0953/4033/1388/files/426005-3.jpg?v=1778073368
426360;Champ - Sigaretten-etui - Shiny;champ-sigaretten-etui-shiny-display-12-stuks;https://rokersbenodigdheden.com/products/champ-sigaretten-etui-shiny-display-12-stuks;Champ;Kokers & Etuis;5,95;;1 stuk;10;all|kokers-etuis|merk-champ;https://cdn.shopify.com/s/files/1/0953/4033/1388/files/426360-5.jpg?v=1778073484
426346;Champ - Sigaretten-tas - Croc Leather;champ-sigaretten-tas-croc-leather-display-12st;https://rokersbenodigdheden.com/products/champ-sigaretten-tas-croc-leather-display-12st;Champ;Kokers & Etuis;6,95;;1 stuk;10;all|kokers-etuis|merk-champ;https://cdn.shopify.com/s/files/1/0953/4033/1388/files/426346-6.jpg?v=1778073459
426349;Champ - Sigarettenbox - Bling Bling;champ-sigarettenbox-bling-bling-display-12st;https://rokersbenodigdheden.com/products/champ-sigarettenbox-bling-bling-display-12st;Champ;Kokers & Etuis;4,95;;1 stuk;10;all|kokers-etuis|merk-champ;https://cdn.shopify.com/s/files/1/0953/4033/1388/files/426349-8.jpg?v=1778073469
426623;Champ - Sigarettenbox - Brushed;champ-sigarettenbox-brushed-display-12-st;https://rokersbenodigdheden.com/products/champ-sigarettenbox-brushed-display-12-st;Champ;Kokers & Etuis;3,50;;1 stuk;10;all|kokers-etuis|merk-champ;https://cdn.shopify.com/s/files/1/0953/4033/1388/files/426623-5.jpg?v=1778073605
426027;Champ - Sigarettenbox - Brushed Metal;champ-sigarettenbox-brushed-metal-display-12-stuks;https://rokersbenodigdheden.com/products/champ-sigarettenbox-brushed-metal-display-12-stuks;Champ;Kokers & Etuis;4,50;;1 stuk;10;all|kokers-etuis|merk-champ;https://cdn.shopify.com/s/files/1/0953/4033/1388/files/426027-1.jpg?v=1778073385
426019;Champ - Sigarettenbox - Rasta Life;champ-sigarettenbox-rasta-life-display-12-stuks;https://rokersbenodigdheden.com/products/champ-sigarettenbox-rasta-life-display-12-stuks;Champ;Kokers & Etuis;3,95;;1 stuk;10;all|kokers-etuis|merk-champ;https://cdn.shopify.com/s/files/1/0953/4033/1388/files/426019-9.jpg?v=1778073380
426008;Champ - Sigarettenbox - Sofa;champ-sigarettenbox-sofa-display-12-stuks;https://rokersbenodigdheden.com/products/champ-sigarettenbox-sofa-display-12-stuks;Champ;Kokers & Etuis;4,95;;1 stuk;10;all|kokers-etuis|merk-champ;https://cdn.shopify.com/s/files/1/0953/4033/1388/files/426008-0.jpg?v=1778073371
426358;Champ - Sigarettenbox - Stormtrooper;champ-sigarettenbox-stormtrooper-display-12-stuks;https://rokersbenodigdheden.com/products/champ-sigarettenbox-stormtrooper-display-12-stuks;Champ;Kokers & Etuis;4,95;;1 stuk;10;all|kokers-etuis|merk-champ|stormaanstekers;https://cdn.shopify.com/s/files/1/0953/4033/1388/files/426358-3.jpg?v=1778073464
426004;Champ - Sigarettenkoker - AC/DC;champ-sigarettenkoker-ac-dc-display-12-stuks;https://rokersbenodigdheden.com/products/champ-sigarettenkoker-ac-dc-display-12-stuks;Champ;Kokers & Etuis;10,50;;1 stuk;10;all|kokers-etuis|merk-champ|sigarettenkokers;https://cdn.shopify.com/s/files/1/0953/4033/1388/files/426004.jpg?v=1778073367
426025;Champ - Sigarettenkoker - Colored PU;champ-sigarettenkoker-colored-pu-display-12-stuks;https://rokersbenodigdheden.com/products/champ-sigarettenkoker-colored-pu-display-12-stuks;Champ;Kokers & Etuis;5,50;;1 stuk;10;all|kokers-etuis|merk-champ|sigarettenkokers;https://cdn.shopify.com/s/files/1/0953/4033/1388/files/426025-1.jpg?v=1778073384
426026;Champ - Sigarettenkoker - Denim Style;champ-sigarettenkoker-denim-style-display-12-stuks;https://rokersbenodigdheden.com/products/champ-sigarettenkoker-denim-style-display-12-stuks;Champ;Kokers & Etuis;5,95;;1 stuk;10;all|kokers-etuis|merk-champ|sigarettenkokers;https://cdn.shopify.com/s/files/1/0953/4033/1388/files/426026-8.jpg?v=1778073385
426009;Champ - Sigarettenkoker - Wallet;champ-sigarettenkoker-wallet-display-12-stuks;https://rokersbenodigdheden.com/products/champ-sigarettenkoker-wallet-display-12-stuks;Champ;Kokers & Etuis;10,95;;1 stuk;10;all|kokers-etuis|merk-champ|sigarettenkokers;https://cdn.shopify.com/s/files/1/0953/4033/1388/files/426009-7.jpg?v=1778073372
426626;Champ - Zak/Tasasbak - Leather;champ-zak-tasasbak-leather-display-12-st;https://rokersbenodigdheden.com/products/champ-zak-tasasbak-leather-display-12-st;Champ;Kokers & Etuis;3,50;;1 stuk;10;all|asbakken|kokers-etuis|merk-champ;https://cdn.shopify.com/s/files/1/0953/4033/1388/files/426626.jpg?v=1778073602
970713;Denicotea filters - 10 Filters per pak - 50 Filters in doos;denicotea-filters-10-filters-per-pak-50-filters-in-doos;https://rokersbenodigdheden.com/products/denicotea-filters-10-filters-per-pak-50-filters-in-doos;Denicotea;Kokers & Etuis;12,95;;1 stuk;10;all|filters-houders|filters-tips|kokers-etuis|merk-denicotea|rokersbenodigdheden;https://cdn.shopify.com/s/files/1/0953/4033/1388/files/970713_18.jpg?v=1778073317
426469;Mascotte - Active Slim Filters 10 - Set van 4;mascotte-active-slim-filters-10-display-20-stuks;https://rokersbenodigdheden.com/products/mascotte-active-slim-filters-10-display-20-stuks;Mascotte;Kokers & Etuis;8,95;;Set van 4;10;all|filters-houders|filters-tips|kokers-etuis|merk-mascotte|rokersbenodigdheden;https://cdn.shopify.com/s/files/1/0953/4033/1388/files/426469.jpg?v=1778073534
426468;Mascotte - Active Slim Filters 34;mascotte-active-slim-filters-34-display-10-stuks;https://rokersbenodigdheden.com/products/mascotte-active-slim-filters-34-display-10-stuks;Mascotte;Kokers & Etuis;5,49;;1 stuk;10;all|filters-houders|filters-tips|kokers-etuis|merk-mascotte|rokersbenodigdheden;https://cdn.shopify.com/s/files/1/0953/4033/1388/files/426468.jpg?v=1778073533
426471;Mascotte - Brown XL Slim Paper Filters 120 - Set van 4;mascotte-brown-xl-slim-paper-filters-120-display-20st;https://rokersbenodigdheden.com/products/mascotte-brown-xl-slim-paper-filters-120-display-20st;Mascotte;Kokers & Etuis;5,95;;Set van 4;10;all|filters-houders|filters-tips|kokers-etuis|merk-mascotte|rokersbenodigdheden;https://cdn.shopify.com/s/files/1/0953/4033/1388/files/426471.jpg?v=1778073536
426467;Mascotte - Clipper Rolling Box;mascotte-clipper-rolling-box-display-5-stuks;https://rokersbenodigdheden.com/products/mascotte-clipper-rolling-box-display-5-stuks;Mascotte;Kokers & Etuis;4,99;;1 stuk;10;all|kokers-etuis|merk-mascotte|rokersbenodigdheden|rolling-boxes;https://cdn.shopify.com/s/files/1/0953/4033/1388/files/426467.jpg?v=1778073532
426470;Mascotte - Conical Active Slim Filters 10 - Set van 4;mascotte-conical-active-slim-filters-10-display-20-st;https://rokersbenodigdheden.com/products/mascotte-conical-active-slim-filters-10-display-20-st;Mascotte;Kokers & Etuis;13,95;;Set van 4;10;all|filters-houders|filters-tips|kokers-etuis|merk-mascotte|rokersbenodigdheden;https://cdn.shopify.com/s/files/1/0953/4033/1388/files/426470-1.jpg?v=1778073535
426465;Mascotte - King Rolling Box;mascotte-king-rolling-box-display-5-stuks;https://rokersbenodigdheden.com/products/mascotte-king-rolling-box-display-5-stuks;Mascotte;Kokers & Etuis;4,99;;1 stuk;10;all|kokers-etuis|merk-mascotte|rokersbenodigdheden|rolling-boxes;https://cdn.shopify.com/s/files/1/0953/4033/1388/files/426465.jpg?v=1778073530
426462;Mascotte - Original King Combi - Set van 4;mascotte-original-king-combi-display-26-stuks;https://rokersbenodigdheden.com/products/mascotte-original-king-combi-display-26-stuks;Mascotte;Kokers & Etuis;12,95;;Set van 4;10;all|kokers-etuis|merk-mascotte;https://cdn.shopify.com/s/files/1/0953/4033/1388/files/426462.jpg?v=1778073528
426461;Mascotte - Original King Inside Out - Set van 4;mascotte-original-king-inside-out-display-50-stuks;https://rokersbenodigdheden.com/products/mascotte-original-king-inside-out-display-50-stuks;Mascotte;Kokers & Etuis;5,95;;Set van 4;10;all|kokers-etuis|merk-mascotte;https://cdn.shopify.com/s/files/1/0953/4033/1388/files/426461.jpg?v=1778073527
426463;Mascotte - Pink Slim Combi - Set van 4;mascotte-pink-slim-combi-display-26-stuks;https://rokersbenodigdheden.com/products/mascotte-pink-slim-combi-display-26-stuks;Mascotte;Kokers & Etuis;10,95;;Set van 4;10;all|kokers-etuis|merk-mascotte;https://cdn.shopify.com/s/files/1/0953/4033/1388/files/426463.jpg?v=1778073529
426466;Mascotte - Slim Rolling Box;mascotte-slim-rolling-box-display-5-stuks;https://rokersbenodigdheden.com/products/mascotte-slim-rolling-box-display-5-stuks;Mascotte;Kokers & Etuis;4,99;;1 stuk;10;all|kokers-etuis|merk-mascotte|rokersbenodigdheden|rolling-boxes;https://cdn.shopify.com/s/files/1/0953/4033/1388/files/426466_1.jpg?v=1778073531
310422;Sigarettenkoker - Leer - 115x83x22 - Suede Chrome Cognac;sigarettenkoker-leer-115x83x22-suede-chrome-cognac;https://rokersbenodigdheden.com/products/sigarettenkoker-leer-115x83x22-suede-chrome-cognac;Bookwill;Kokers & Etuis;33,00;39,00;1 stuk;3;all|kokers-etuis|merk-bookwill|sale|sigarettenkokers;https://cdn.shopify.com/s/files/1/0953/4033/1388/files/310422_1_6.jpg?v=1778073352
279998;Wildfire - Draai-asbak - 100mm - Icy Rainbow/Gun-Metal;wildfire-draai-asbak-100mm-icy-rainbow-gun-metal-6st;https://rokersbenodigdheden.com/products/wildfire-draai-asbak-100mm-icy-rainbow-gun-metal-6st;Wildfire;Kokers & Etuis;9,95;;1 stuk;10;all|asbakken|kokers-etuis|merk-wildfire;https://cdn.shopify.com/s/files/1/0953/4033/1388/files/279998.jpg?v=1778073339
426404;Zorr - Asbak - 100mm - Crystal Black;zorr-asbak-100mm-crystal-black;https://rokersbenodigdheden.com/products/zorr-asbak-100mm-crystal-black;Zorr;Kokers & Etuis;15,75;;1 stuk;10;asbakken|kokers-etuis|merk-zorr;https://cdn.shopify.com/s/files/1/0953/4033/1388/files/426404.jpg?v=1778073498
426405;Zorr - Asbak - 100mm - Crystal Gold;zorr-asbak-100mm-crystal-gold;https://rokersbenodigdheden.com/products/zorr-asbak-100mm-crystal-gold;Zorr;Kokers & Etuis;15,75;;1 stuk;10;asbakken|kokers-etuis|merk-zorr;https://cdn.shopify.com/s/files/1/0953/4033/1388/files/426405.jpg?v=1778073497
426403;Zorr - Asbak - 100mm - Crystal Transparant;zorr-asbak-100mm-crystal-transparant;https://rokersbenodigdheden.com/products/zorr-asbak-100mm-crystal-transparant;Zorr;Kokers & Etuis;15,75;;1 stuk;10;asbakken|kokers-etuis|merk-zorr;https://cdn.shopify.com/s/files/1/0953/4033/1388/files/426403.jpg?v=1778073499
426401;Zorr - Asbak - Glas - Rainbow;zorr-asbak-glas-rainbow-display-6-stuks;https://rokersbenodigdheden.com/products/zorr-asbak-glas-rainbow-display-6-stuks;Zorr;Kokers & Etuis;7,50;;1 stuk;10;asbakken|kokers-etuis|merk-zorr;https://cdn.shopify.com/s/files/1/0953/4033/1388/files/426401.jpg?v=1778073551
426149;Zorr - Asbak - Glas Mexican Skull;zorr-asbak-glas-mexican-skull-display-6-stuks;https://rokersbenodigdheden.com/products/zorr-asbak-glas-mexican-skull-display-6-stuks;Zorr;Kokers & Etuis;6,50;;1 stuk;10;asbakken|kokers-etuis|merk-zorr;https://cdn.shopify.com/s/files/1/0953/4033/1388/files/426149-3.jpg?v=1778073409
426400;Zorr - Asbak - Glitter Black;zorr-asbak-glitter-black;https://rokersbenodigdheden.com/products/zorr-asbak-glitter-black;Zorr;Kokers & Etuis;10,50;;1 stuk;10;asbakken|kokers-etuis|merk-zorr;https://cdn.shopify.com/s/files/1/0953/4033/1388/files/426400.jpg?v=1778073502
426399;Zorr - Asbak - Glitter Silver;zorr-asbak-glitter-silver;https://rokersbenodigdheden.com/products/zorr-asbak-glitter-silver;Zorr;Kokers & Etuis;10,50;;1 stuk;10;asbakken|kokers-etuis|merk-zorr;https://cdn.shopify.com/s/files/1/0953/4033/1388/files/426399.jpg?v=1778073504
426155;Zorr - Asbak - Modern Cement - Grijs (16x16x5cm);zorr-asbak-modern-cement-grijs-16x16x5cm;https://rokersbenodigdheden.com/products/zorr-asbak-modern-cement-grijs-16x16x5cm;Zorr;Kokers & Etuis;6,95;;1 stuk;10;asbakken|kokers-etuis|merk-zorr;https://cdn.shopify.com/s/files/1/0953/4033/1388/files/426155_1.jpg?v=1778073417
426154;Zorr - Asbak - Modern Cement - Wit (16x16x5cm);zorr-asbak-modern-cement-wit-16x16x5cm;https://rokersbenodigdheden.com/products/zorr-asbak-modern-cement-wit-16x16x5cm;Zorr;Kokers & Etuis;6,95;;1 stuk;10;asbakken|kokers-etuis|merk-zorr;https://cdn.shopify.com/s/files/1/0953/4033/1388/files/426154_1.jpg?v=1778073416
426156;Zorr - Auto-Asbak / Peuken-beker - Met Licht;zorr-auto-asbak-peuken-beker-met-licht-display-6st;https://rokersbenodigdheden.com/products/zorr-auto-asbak-peuken-beker-met-licht-display-6st;Zorr;Kokers & Etuis;5,95;;1 stuk;10;asbakken|kokers-etuis|merk-zorr;https://cdn.shopify.com/s/files/1/0953/4033/1388/files/426156-2.jpg?v=1778073419
426157;Zorr - Dover asbak - Breeza Modern - RVS (10x10x16cm);zorr-dover-asbak-breeza-modern-rvs-10x10x16cm;https://rokersbenodigdheden.com/products/zorr-dover-asbak-breeza-modern-rvs-10x10x16cm;Zorr;Kokers & Etuis;16,50;;1 stuk;10;asbakken|kokers-etuis|merk-zorr;https://cdn.shopify.com/s/files/1/0953/4033/1388/files/426157.jpg?v=1778073420
426153;Zorr - Dover asbak - Melamine Modern - Wit (12x12x16cm);zorr-dover-asbak-melamine-modern-wit-12x12x16cm;https://rokersbenodigdheden.com/products/zorr-dover-asbak-melamine-modern-wit-12x12x16cm;Zorr;Kokers & Etuis;8,95;;1 stuk;10;asbakken|kokers-etuis|merk-zorr;https://cdn.shopify.com/s/files/1/0953/4033/1388/files/426153_1.jpg?v=1778073415
426152;Zorr - Dover asbak - Melamine Modern - Zwart (12x12x16cm);zorr-dover-asbak-melamine-modern-zwart-12x12x16cm;https://rokersbenodigdheden.com/products/zorr-dover-asbak-melamine-modern-zwart-12x12x16cm;Zorr;Kokers & Etuis;8,95;;1 stuk;10;asbakken|kokers-etuis|merk-zorr;https://cdn.shopify.com/s/files/1/0953/4033/1388/files/426152_1.jpg?v=1778073413
426166;Zorr - Giftset - Asbak met Luxe Sigarenknipper - Chrome;zorr-giftset-asbak-met-luxe-sigarenknipper-chrome;https://rokersbenodigdheden.com/products/zorr-giftset-asbak-met-luxe-sigarenknipper-chrome;Zorr;Kokers & Etuis;52,00;65,00;1 stuk;7;asbakken|kokers-etuis|merk-zorr|sale|sigaren|sigarenknippers;https://cdn.shopify.com/s/files/1/0953/4033/1388/files/426166.jpg?v=1778073408
426223;Zorr - Hulzenstopper - Elek - Inject. - Powermatic 3+ Deluxe;zorr-hulzenstopper-elek-inject-powermatic-3-deluxe;https://rokersbenodigdheden.com/products/zorr-hulzenstopper-elek-inject-powermatic-3-deluxe;Zorr;Kokers & Etuis;319,50;;1 stuk;10;kokers-etuis|merk-zorr;https://cdn.shopify.com/s/files/1/0953/4033/1388/files/zorr_-_hulzenstopper_-_elektrisch_-_injector_-_powermatic_3_deluxe_2.jpg?v=1778073423
426197;Zorr - Hulzenstopper - Elektrisch - Powermatic 5+ Deluxe;zorr-hulzenstopper-elektrisch-powermatic-5-deluxe;https://rokersbenodigdheden.com/products/zorr-hulzenstopper-elektrisch-powermatic-5-deluxe;Zorr;Kokers & Etuis;385,00;;1 stuk;10;kokers-etuis|merk-zorr;https://cdn.shopify.com/s/files/1/0953/4033/1388/files/zorr_-_hulzenstopper_-_elektrisch_-_powermatic_5_deluxe_1.jpg?v=1778073422
426151;Zorr - Klep-asbak - Metal - Stupid Simple - Bruin;zorr-klep-asbak-metal-stupid-simple-bruin;https://rokersbenodigdheden.com/products/zorr-klep-asbak-metal-stupid-simple-bruin;Zorr;Kokers & Etuis;7,95;;1 stuk;10;asbakken|kokers-etuis|merk-zorr;https://cdn.shopify.com/s/files/1/0953/4033/1388/files/426151_1.jpg?v=1778073412
426150;Zorr - Klep-asbak - Metal - Stupid Simple - Zwart;zorr-klep-asbak-metal-stupid-simple-zwart;https://rokersbenodigdheden.com/products/zorr-klep-asbak-metal-stupid-simple-zwart;Zorr;Kokers & Etuis;7,95;;1 stuk;10;asbakken|kokers-etuis|merk-zorr;https://cdn.shopify.com/s/files/1/0953/4033/1388/files/426150_1.jpg?v=1778073410
420743;Zorr - Shag-zak Bruin PU Leather;zorr-shag-zak-bruin-pu-leather-display-8-stuks;https://rokersbenodigdheden.com/products/zorr-shag-zak-bruin-pu-leather-display-8-stuks;Zorr;Kokers & Etuis;8,50;;1 stuk;10;kokers-etuis|merk-zorr|rokersbenodigdheden|rolling-boxes;https://cdn.shopify.com/s/files/1/0953/4033/1388/files/32367-2_38.jpg?v=1778073350
420744;Zorr - Shag-zak PU Leather - Colour;zorr-shag-zak-pu-leather-colour-display-8-stuks;https://rokersbenodigdheden.com/products/zorr-shag-zak-pu-leather-colour-display-8-stuks;Zorr;Kokers & Etuis;6,50;;1 stuk;10;kokers-etuis|merk-zorr|rokersbenodigdheden|rolling-boxes;https://cdn.shopify.com/s/files/1/0953/4033/1388/files/420744-_28.jpg?v=1778073349
426396;Zorr - Sigarettenbox - Touch Multicolor;zorr-sigarettenbox-touch-multicolor-display-12-stuks;https://rokersbenodigdheden.com/products/zorr-sigarettenbox-touch-multicolor-display-12-stuks;Zorr;Kokers & Etuis;5,50;;1 stuk;10;kokers-etuis|merk-zorr;https://cdn.shopify.com/s/files/1/0953/4033/1388/files/426396-1.jpg?v=1778073524
426158;Zorr - Sigarettendover - Metal Colour Spring;zorr-sigarettendover-metal-colour-spring-display-24st;https://rokersbenodigdheden.com/products/zorr-sigarettendover-metal-colour-spring-display-24st;Zorr;Kokers & Etuis;3,25;;1 stuk;10;kokers-etuis|merk-zorr;https://cdn.shopify.com/s/files/1/0953/4033/1388/files/426158.jpg?v=1778073402
426397;Zorr - Sigarettenkoker - Woven Colours;zorr-sigarettenkoker-woven-colours-display-8-stuks;https://rokersbenodigdheden.com/products/zorr-sigarettenkoker-woven-colours-display-8-stuks;Zorr;Kokers & Etuis;5,75;;1 stuk;10;kokers-etuis|merk-zorr|sigarettenkokers;https://cdn.shopify.com/s/files/1/0953/4033/1388/files/426397-2.jpg?v=1778073517
426224;Zorr - Sigarettenkoker - Zwart/Blauw - Breed en smal;zorr-sigarettenkoker-zwart-blauw-breed-en-smal-12st;https://rokersbenodigdheden.com/products/zorr-sigarettenkoker-zwart-blauw-breed-en-smal-12st;Zorr;Kokers & Etuis;4,49;;1 stuk;10;kokers-etuis|merk-zorr|sigarettenkokers;https://cdn.shopify.com/s/files/1/0953/4033/1388/files/zorr_-_sigarettenkoker_-_zwart_blauw_-_breed_en_smal_-_display_12-stuks_2.jpg?v=1778073428
426402;Zorr - Zak/Tasasbak - Smiley;zorr-zak-tasasbak-smiley-display-12-stuks;https://rokersbenodigdheden.com/products/zorr-zak-tasasbak-smiley-display-12-stuks;Zorr;Kokers & Etuis;4,50;;1 stuk;10;asbakken|kokers-etuis|merk-zorr;https://cdn.shopify.com/s/files/1/0953/4033/1388/files/426402.jpg?v=1778073501
426228;Bookwill - Bruyere Assortie pijpen - Rustic;bookwill-bruyere-assortie-pijpen-rustic-display-6st;https://rokersbenodigdheden.com/products/bookwill-bruyere-assortie-pijpen-rustic-display-6st;Bookwill;Rook-accessoires;46,95;;1 stuk;10;all|bruyere-pijpen|merk-bookwill|pijpen|rook-accessoires;https://cdn.shopify.com/s/files/1/0953/4033/1388/files/bookwill_-_bruyere_assortie_pijpen_-_rustic_6-stuks.jpg?v=1778073427
426232;Bookwill - Pijp-asbak - Chroom Kurk (16x4.5cm);bookwill-pijp-asbak-chroom-kurk-16x4-5cm;https://rokersbenodigdheden.com/products/bookwill-pijp-asbak-chroom-kurk-16x4-5cm;Bookwill;Rook-accessoires;14,50;16,99;1 stuk;3;all|asbakken|bruyere-pijpen|merk-bookwill|pijpen|rook-accessoires|sale;https://cdn.shopify.com/s/files/1/0953/4033/1388/files/bookwill_-_pijp-asbak_-_chroom_met_kurk_16x4_5cm.jpg?v=1778073432
426231;Bookwill - Pijp-asbak - Keramiek Kurk - Zwart (15x15x3.5cm);bookwill-pijp-asbak-keramiek-kurk-zwart-15x15x3-5cm;https://rokersbenodigdheden.com/products/bookwill-pijp-asbak-keramiek-kurk-zwart-15x15x3-5cm;Bookwill;Rook-accessoires;11,99;;1 stuk;10;all|asbakken|bruyere-pijpen|merk-bookwill|pijpen|rook-accessoires;https://cdn.shopify.com/s/files/1/0953/4033/1388/files/bookwill_-_pijp-asbak_-_keramiek_met_kurk_-_zwart_15x15x3_5cm.jpg?v=1778073430
60000810;Zippo - 1941 Replica Black Ice;zippo-1941-replica-black-ice;https://rokersbenodigdheden.com/products/zippo-1941-replica-black-ice;Zippo;Zippo Aanstekers;69,90;;1 stuk;10;aanstekers|all|merk-zippo|zippos;https://cdn.shopify.com/s/files/1/0953/4033/1388/files/60000810_18.jpg?v=1776855420
426501;Zippo - 2026 Annual Catalogus;zippo-2026-annual-catalogus;https://rokersbenodigdheden.com/products/zippo-2026-annual-catalogus;Zippo;Zippo Aanstekers;15,00;;1 stuk;10;aanstekers|all|merk-zippo|zippos;https://cdn.shopify.com/s/files/1/0953/4033/1388/files/426501_1.jpg?v=1776855418
60007745;Zippo - 2026 Harley-Davidson® Limited Edition;zippo-2026-harley-davidson-limited-edition;https://rokersbenodigdheden.com/products/zippo-2026-harley-davidson-limited-edition;Zippo;Zippo Aanstekers;122,90;;1 stuk;10;aanstekers|all|merk-zippo|zippo-harley|zippos;https://cdn.shopify.com/s/files/1/0953/4033/1388/files/60007745.jpg?v=1776855545
60007393;Zippo - Abstract Lines Design;zippo-abstract-lines-design;https://rokersbenodigdheden.com/products/zippo-abstract-lines-design;Zippo;Zippo Aanstekers;77,90;;1 stuk;10;aanstekers|all|merk-zippo|zippo-design|zippos;https://cdn.shopify.com/s/files/1/0953/4033/1388/files/0071_60007393.jpg?v=1776855379
60007694;Zippo - Abstract Skull Design;zippo-abstract-skull-design;https://rokersbenodigdheden.com/products/zippo-abstract-skull-design;Zippo;Zippo Aanstekers;50,90;59,90;1 stuk;7;aanstekers|all|merk-zippo|sale|zippo-design|zippos;https://cdn.shopify.com/s/files/1/0953/4033/1388/files/60007694.jpg?v=1776855512
60007394;Zippo - Abstract Zippo Design;zippo-abstract-zippo-design;https://rokersbenodigdheden.com/products/zippo-abstract-zippo-design;Zippo;Zippo Aanstekers;79,90;;1 stuk;10;aanstekers|all|merk-zippo|zippo-design|zippos;https://cdn.shopify.com/s/files/1/0953/4033/1388/files/0067_60007394.jpg?v=1776855377
60007220;Zippo - Alien Design;zippo-alien-design;https://rokersbenodigdheden.com/products/zippo-alien-design;Zippo;Zippo Aanstekers;69,90;;1 stuk;10;aanstekers|all|merk-zippo|zippo-design|zippos;https://cdn.shopify.com/s/files/1/0953/4033/1388/files/0178_60007220.jpg?v=1776855378
60001484;Zippo - American Classic;zippo-american-classic;https://rokersbenodigdheden.com/products/zippo-american-classic;Zippo;Zippo Aanstekers;62,90;;1 stuk;10;aanstekers|all|merk-zippo|zippos;https://cdn.shopify.com/s/files/1/0953/4033/1388/files/60001484_23.jpg?v=1776855444
60007396;Zippo - American Icons Design;zippo-american-icons-design;https://rokersbenodigdheden.com/products/zippo-american-icons-design;Zippo;Zippo Aanstekers;79,90;;1 stuk;10;aanstekers|all|merk-zippo|zippo-design|zippos;https://cdn.shopify.com/s/files/1/0953/4033/1388/files/0059_60007396.jpg?v=1776855380
60007368;Zippo - Angel Design;zippo-angel-design;https://rokersbenodigdheden.com/products/zippo-angel-design;Zippo;Zippo Aanstekers;67,90;;1 stuk;10;aanstekers|all|merk-zippo|zippo-design|zippos;https://cdn.shopify.com/s/files/1/0953/4033/1388/files/0150_60007368.jpg?v=1776855376
60007643;Zippo - Angry Gorilla Design;zippo-angry-gorilla-design;https://rokersbenodigdheden.com/products/zippo-angry-gorilla-design;Zippo;Zippo Aanstekers;59,90;;1 stuk;10;aanstekers|all|merk-zippo|zippo-design|zippos;https://cdn.shopify.com/s/files/1/0953/4033/1388/files/60007643.jpg?v=1776855490
60003924;Zippo - Anne Stokes Collection - Wolf;zippo-anne-stokes-collection-wolf;https://rokersbenodigdheden.com/products/zippo-anne-stokes-collection-wolf;Zippo;Zippo Aanstekers;55,00;64,90;1 stuk;4;aanstekers|all|merk-zippo|sale|zippos;https://cdn.shopify.com/s/files/1/0953/4033/1388/files/60003924_29.jpg?v=1776855437
60007708;Zippo - Anne Stokes Matte;zippo-anne-stokes-matte;https://rokersbenodigdheden.com/products/zippo-anne-stokes-matte;Zippo;Zippo Aanstekers;89,90;;1 stuk;10;aanstekers|all|merk-zippo|zippos;https://cdn.shopify.com/s/files/1/0953/4033/1388/files/60007708.jpg?v=1776855529
60002848;Zippo - Antique Brass Steampunk;zippo-antique-brass-steampunk;https://rokersbenodigdheden.com/products/zippo-antique-brass-steampunk;Zippo;Zippo Aanstekers;259,90;;1 stuk;10;aanstekers|all|merk-zippo|zippos;https://cdn.shopify.com/s/files/1/0953/4033/1388/files/60002848_19.jpg?v=1776855435
60000849;Zippo - Armor Case Heavy Wall - Chrome Brushed;zippo-armor-case-heavy-wall-chrome-brushed;https://rokersbenodigdheden.com/products/zippo-armor-case-heavy-wall-chrome-brushed;Zippo;Zippo Aanstekers;44,90;;1 stuk;10;aanstekers|all|merk-zippo|zippos;https://cdn.shopify.com/s/files/1/0953/4033/1388/files/60000849_22.jpg?v=1776855420
60001159;Zippo - Armor Case Heavy Wall - Chrome Polished;zippo-armor-case-heavy-wall-chrome-polished;https://rokersbenodigdheden.com/products/zippo-armor-case-heavy-wall-chrome-polished;Zippo;Zippo Aanstekers;52,90;;1 stuk;10;aanstekers|all|merk-zippo|zippos;https://cdn.shopify.com/s/files/1/0953/4033/1388/files/60001159_20.jpg?v=1776855421
60000851;Zippo - Armor Case Heavy Wall - Hi Pol Brass;zippo-armor-case-heavy-wall-hi-pol-brass;https://rokersbenodigdheden.com/products/zippo-armor-case-heavy-wall-hi-pol-brass;Zippo;Zippo Aanstekers;62,90;;1 stuk;10;aanstekers|all|merk-zippo|zippos;https://cdn.shopify.com/s/files/1/0953/4033/1388/files/60000851_23.jpg?v=1776855422
2008153;Zippo - BIG Flame Black;zippo-big-flame-black;https://rokersbenodigdheden.com/products/zippo-big-flame-black;Zippo;Zippo Aanstekers;57,90;;1 stuk;10;aanstekers|all|merk-zippo|zippos;https://cdn.shopify.com/s/files/1/0953/4033/1388/files/2008153.jpg?v=1776855470
2008152;Zippo - BIG Flame Red;zippo-big-flame-red;https://rokersbenodigdheden.com/products/zippo-big-flame-red;Zippo;Zippo Aanstekers;57,90;;1 stuk;10;aanstekers|all|merk-zippo|zippos;https://cdn.shopify.com/s/files/1/0953/4033/1388/files/2008152.jpg?v=1776855470
2008154;Zippo - BIG Flame Silver;zippo-big-flame-silver;https://rokersbenodigdheden.com/products/zippo-big-flame-silver;Zippo;Zippo Aanstekers;57,90;;1 stuk;10;aanstekers|all|merk-zippo|zippos;https://cdn.shopify.com/s/files/1/0953/4033/1388/files/2008154.jpg?v=1776855471
60007413;Zippo - Bonjour Design;zippo-bonjour-design;https://rokersbenodigdheden.com/products/zippo-bonjour-design;Zippo;Zippo Aanstekers;59,90;;1 stuk;10;aanstekers|merk-zippo|zippo-design|zippos;https://cdn.shopify.com/s/files/1/0953/4033/1388/files/60007413.jpg?v=1776855496
60001380;Zippo - Bulus Zippo Logo;zippo-bulus-zippo-logo;https://rokersbenodigdheden.com/products/zippo-bulus-zippo-logo;Zippo;Zippo Aanstekers;49,90;;1 stuk;10;aanstekers|merk-zippo|zippos;https://cdn.shopify.com/s/files/1/0953/4033/1388/files/60001380_24.jpg?v=1776855424
60007670;Zippo - Burning Guitar Design;zippo-burning-guitar-design;https://rokersbenodigdheden.com/products/zippo-burning-guitar-design;Zippo;Zippo Aanstekers;59,90;;1 stuk;10;aanstekers|merk-zippo|zippo-design|zippos;https://cdn.shopify.com/s/files/1/0953/4033/1388/files/60007670.jpg?v=1776855517
60007387;Zippo - Caduceus Symbol Design;zippo-caduceus-symbol-design;https://rokersbenodigdheden.com/products/zippo-caduceus-symbol-design;Zippo;Zippo Aanstekers;59,90;;1 stuk;10;aanstekers|merk-zippo|zippo-design|zippos;https://cdn.shopify.com/s/files/1/0953/4033/1388/files/0091_60007387.jpg?v=1776855380
60007675;Zippo - Candy Raspberry;zippo-candy-raspberry;https://rokersbenodigdheden.com/products/zippo-candy-raspberry;Zippo;Zippo Aanstekers;44,90;;1 stuk;10;aanstekers|merk-zippo|zippos;https://cdn.shopify.com/s/files/1/0953/4033/1388/files/60007675.jpg?v=1776855484
60007676;Zippo - Candy Raspberry w/ Zippo Logo;zippo-candy-raspberry-w-zippo-logo;https://rokersbenodigdheden.com/products/zippo-candy-raspberry-w-zippo-logo;Zippo;Zippo Aanstekers;52,90;;1 stuk;10;aanstekers|merk-zippo|zippos;https://cdn.shopify.com/s/files/1/0953/4033/1388/files/60007676.jpg?v=1776855493
60007677;Zippo - Candy Teal;zippo-candy-teal;https://rokersbenodigdheden.com/products/zippo-candy-teal;Zippo;Zippo Aanstekers;44,90;;1 stuk;10;aanstekers|merk-zippo|zippos;https://cdn.shopify.com/s/files/1/0953/4033/1388/files/60007677.jpg?v=1776855482
60007678;Zippo - Candy Teal w/ Zippo Logo;zippo-candy-teal-w-zippo-logo;https://rokersbenodigdheden.com/products/zippo-candy-teal-w-zippo-logo;Zippo;Zippo Aanstekers;52,90;;1 stuk;10;aanstekers|merk-zippo|zippos;https://cdn.shopify.com/s/files/1/0953/4033/1388/files/60007678.jpg?v=1776855491
2005167;Zippo - Celtic Green Cross;zippo-celtic-green-cross;https://rokersbenodigdheden.com/products/zippo-celtic-green-cross;Zippo;Zippo Aanstekers;74,90;;1 stuk;10;aanstekers|merk-zippo|zippos;https://cdn.shopify.com/s/files/1/0953/4033/1388/files/2005167_25.jpg?v=1776855427
60007636;Zippo - Chameleon Design;zippo-chameleon-design;https://rokersbenodigdheden.com/products/zippo-chameleon-design;Zippo;Zippo Aanstekers;79,90;;1 stuk;10;aanstekers|merk-zippo|zippo-design|zippos;https://cdn.shopify.com/s/files/1/0953/4033/1388/files/60007636.jpg?v=1776855502
60007433;Zippo - Champagne;zippo-champagne;https://rokersbenodigdheden.com/products/zippo-champagne;Zippo;Zippo Aanstekers;52,90;;1 stuk;10;aanstekers|merk-zippo|zippos;https://cdn.shopify.com/s/files/1/0953/4033/1388/files/60007433.jpg?v=1776855483
60007434;Zippo - Champagne w/ Zippo Logo;zippo-champagne-w-zippo-logo;https://rokersbenodigdheden.com/products/zippo-champagne-w-zippo-logo;Zippo;Zippo Aanstekers;62,90;;1 stuk;10;aanstekers|merk-zippo|zippos;https://cdn.shopify.com/s/files/1/0953/4033/1388/files/60007434.jpg?v=1776855490
60007635;Zippo - Cheetah Design;zippo-cheetah-design;https://rokersbenodigdheden.com/products/zippo-cheetah-design;Zippo;Zippo Aanstekers;69,90;;1 stuk;10;aanstekers|merk-zippo|zippo-design|zippos;https://cdn.shopify.com/s/files/1/0953/4033/1388/files/60007635.jpg?v=1776855485
60007735;Zippo - Chill Design;zippo-chill-design;https://rokersbenodigdheden.com/products/zippo-chill-design;Zippo;Zippo Aanstekers;89,90;;1 stuk;10;aanstekers|merk-zippo|zippo-design|zippos;https://cdn.shopify.com/s/files/1/0953/4033/1388/files/60007735.jpg?v=1776855518
60007632;Zippo - Classic Car Design;zippo-classic-car-design;https://rokersbenodigdheden.com/products/zippo-classic-car-design;Zippo;Zippo Aanstekers;59,90;;1 stuk;10;aanstekers|merk-zippo|zippo-design|zippos;https://cdn.shopify.com/s/files/1/0953/4033/1388/files/60007632.jpg?v=1776855489
60007652;Zippo - Collage Design;zippo-collage-design;https://rokersbenodigdheden.com/products/zippo-collage-design;Zippo;Zippo Aanstekers;79,90;;1 stuk;10;aanstekers|merk-zippo|zippo-design|zippos;https://cdn.shopify.com/s/files/1/0953/4033/1388/files/60007652.jpg?v=1776855534
60007436;Zippo - Colourful Dragon Design;zippo-colourful-dragon-design;https://rokersbenodigdheden.com/products/zippo-colourful-dragon-design;Zippo;Zippo Aanstekers;70,90;82,90;1 stuk;4;aanstekers|merk-zippo|sale|zippo-design|zippos;https://cdn.shopify.com/s/files/1/0953/4033/1388/files/0025_60007436.jpg?v=1776855386
60007657;Zippo - Controller Design;zippo-controller-design;https://rokersbenodigdheden.com/products/zippo-controller-design;Zippo;Zippo Aanstekers;67,90;;1 stuk;10;aanstekers|merk-zippo|zippo-design|zippos;https://cdn.shopify.com/s/files/1/0953/4033/1388/files/60007657.jpg?v=1776855504
60007656;Zippo - Cowboy Robot Design;zippo-cowboy-robot-design;https://rokersbenodigdheden.com/products/zippo-cowboy-robot-design;Zippo;Zippo Aanstekers;52,90;;1 stuk;10;aanstekers|merk-zippo|zippo-design|zippos;https://cdn.shopify.com/s/files/1/0953/4033/1388/files/60007656.jpg?v=1776855543
60007689;Zippo - Cross Pattern Design;zippo-cross-pattern-design;https://rokersbenodigdheden.com/products/zippo-cross-pattern-design;Zippo;Zippo Aanstekers;127,90;;1 stuk;10;aanstekers|merk-zippo|zippo-design|zippos;https://cdn.shopify.com/s/files/1/0953/4033/1388/files/60007689.jpg?v=1776855464
60007744;Zippo - Crow and Moon Design;zippo-crow-and-moon-design;https://rokersbenodigdheden.com/products/zippo-crow-and-moon-design;Zippo;Zippo Aanstekers;59,90;;1 stuk;10;aanstekers|merk-zippo|zippo-design|zippos;https://cdn.shopify.com/s/files/1/0953/4033/1388/files/60007744.jpg?v=1776855475
1300103;Zippo - Crusade Victory;zippo-crusade-victory;https://rokersbenodigdheden.com/products/zippo-crusade-victory;Zippo;Zippo Aanstekers;62,90;;1 stuk;10;aanstekers|merk-zippo|zippos;https://cdn.shopify.com/s/files/1/0953/4033/1388/files/1300103_21.jpg?v=1776855424
2004736;Zippo - Deer Head;zippo-deer-head;https://rokersbenodigdheden.com/products/zippo-deer-head;Zippo;Zippo Aanstekers;62,90;;1 stuk;10;aanstekers|merk-zippo|zippos;https://cdn.shopify.com/s/files/1/0953/4033/1388/files/2004736_22.jpg?v=1776855430
60007663;Zippo - Duck Hunting Design;zippo-duck-hunting-design;https://rokersbenodigdheden.com/products/zippo-duck-hunting-design;Zippo;Zippo Aanstekers;69,90;;1 stuk;10;aanstekers|merk-zippo|zippo-design|zippos;https://cdn.shopify.com/s/files/1/0953/4033/1388/files/60007663.jpg?v=1776855480
60006225;Zippo - Eagle Design;zippo-eagle-design;https://rokersbenodigdheden.com/products/zippo-eagle-design;Zippo;Zippo Aanstekers;50,90;59,90;1 stuk;3;aanstekers|merk-zippo|sale|zippo-design|zippos;https://cdn.shopify.com/s/files/1/0953/4033/1388/files/60006225.jpg?v=1776855458
2007663;Zippo - Ebony Emblem Metal Dragon;zippo-ebony-emblem-metal-dragon;https://rokersbenodigdheden.com/products/zippo-ebony-emblem-metal-dragon;Zippo;Zippo Aanstekers;79,90;;1 stuk;10;aanstekers|merk-zippo|zippos;https://cdn.shopify.com/s/files/1/0953/4033/1388/files/2007663_17.jpg?v=1776855446
2003987;Zippo - Engine Parts;zippo-engine-parts;https://rokersbenodigdheden.com/products/zippo-engine-parts;Zippo;Zippo Aanstekers;59,90;;1 stuk;10;aanstekers|merk-zippo|zippos;https://cdn.shopify.com/s/files/1/0953/4033/1388/files/2003987_6.jpg?v=1776855454
60007367;Zippo - Evil Eye Design;zippo-evil-eye-design;https://rokersbenodigdheden.com/products/zippo-evil-eye-design;Zippo;Zippo Aanstekers;59,90;;1 stuk;10;aanstekers|merk-zippo|zippo-design|zippos;https://cdn.shopify.com/s/files/1/0953/4033/1388/files/0153_60007367.jpg?v=1776855387
60007639;Zippo - Fierce Tiger Design;zippo-fierce-tiger-design;https://rokersbenodigdheden.com/products/zippo-fierce-tiger-design;Zippo;Zippo Aanstekers;44,95;52,90;1 stuk;5;aanstekers|merk-zippo|sale|zippo-design|zippos;https://cdn.shopify.com/s/files/1/0953/4033/1388/files/60007639.jpg?v=1776855496
60007662;Zippo - Flying Skeleton Design;zippo-flying-skeleton-design;https://rokersbenodigdheden.com/products/zippo-flying-skeleton-design;Zippo;Zippo Aanstekers;72,90;;1 stuk;10;aanstekers|merk-zippo|zippo-design|zippos;https://cdn.shopify.com/s/files/1/0953/4033/1388/files/60007662.jpg?v=1776855507
60006095;Zippo - Ford Mustang Design;zippo-ford-mustang-design;https://rokersbenodigdheden.com/products/zippo-ford-mustang-design;Zippo;Zippo Aanstekers;50,90;59,90;1 stuk;3;aanstekers|merk-zippo|sale|zippo-design|zippos;https://cdn.shopify.com/s/files/1/0953/4033/1388/files/60006095.jpg?v=1776855458
60003580;Zippo - Ford Mustang Red;zippo-ford-mustang-red;https://rokersbenodigdheden.com/products/zippo-ford-mustang-red;Zippo;Zippo Aanstekers;64,90;;1 stuk;10;aanstekers|merk-zippo|zippos;https://cdn.shopify.com/s/files/1/0953/4033/1388/files/60003580_19.jpg?v=1776855433
60007644;Zippo - Futuristic Dog Design;zippo-futuristic-dog-design;https://rokersbenodigdheden.com/products/zippo-futuristic-dog-design;Zippo;Zippo Aanstekers;59,90;;1 stuk;10;aanstekers|merk-zippo|zippo-design|zippos;https://cdn.shopify.com/s/files/1/0953/4033/1388/files/60007644.jpg?v=1776855541
60007380;Zippo - Game Over Design;zippo-game-over-design;https://rokersbenodigdheden.com/products/zippo-game-over-design;Zippo;Zippo Aanstekers;59,90;;1 stuk;10;aanstekers|merk-zippo|zippo-design|zippos;https://cdn.shopify.com/s/files/1/0953/4033/1388/files/0113_60007380.jpg?v=1776855388
60007699;Zippo - Geometric Design;zippo-geometric-design;https://rokersbenodigdheden.com/products/zippo-geometric-design;Zippo;Zippo Aanstekers;52,90;;1 stuk;10;aanstekers|merk-zippo|zippo-design|zippos;https://cdn.shopify.com/s/files/1/0953/4033/1388/files/60007699.jpg?v=1776855473
60005709;Zippo - German Shepard Design;zippo-german-shepard-design;https://rokersbenodigdheden.com/products/zippo-german-shepard-design;Zippo;Zippo Aanstekers;54,90;;1 stuk;10;aanstekers|merk-zippo|zippo-design|zippos;https://cdn.shopify.com/s/files/1/0953/4033/1388/files/60005709.jpg?v=1776855461
60007377;Zippo - Giraffes Design;zippo-giraffes-design;https://rokersbenodigdheden.com/products/zippo-giraffes-design;Zippo;Zippo Aanstekers;59,90;;1 stuk;10;aanstekers|merk-zippo|zippo-design|zippos;https://cdn.shopify.com/s/files/1/0953/4033/1388/files/0122_60007377.jpg?v=1776855388
2007655;Zippo - Gogo Girl (German Emblem);zippo-gogo-girl-german-emblem;https://rokersbenodigdheden.com/products/zippo-gogo-girl-german-emblem;Zippo;Zippo Aanstekers;69,90;;1 stuk;10;aanstekers|merk-zippo|zippos;https://cdn.shopify.com/s/files/1/0953/4033/1388/files/2007655_24.jpg?v=1776855447
2008035;Zippo - Golden Poison Frog;zippo-golden-poison-frog;https://rokersbenodigdheden.com/products/zippo-golden-poison-frog;Zippo;Zippo Aanstekers;64,90;;1 stuk;10;aanstekers|merk-zippo|zippos;https://cdn.shopify.com/s/files/1/0953/4033/1388/files/0286_2008035.jpg?v=1776855389
60007382;Zippo - Golden Rose Design;zippo-golden-rose-design;https://rokersbenodigdheden.com/products/zippo-golden-rose-design;Zippo;Zippo Aanstekers;69,90;;1 stuk;10;aanstekers|merk-zippo|zippo-design|zippos;https://cdn.shopify.com/s/files/1/0953/4033/1388/files/0106_60007382.jpg?v=1776855390
60007742;Zippo - Green Dragon Design;zippo-green-dragon-design;https://rokersbenodigdheden.com/products/zippo-green-dragon-design;Zippo;Zippo Aanstekers;59,90;;1 stuk;10;aanstekers|merk-zippo|zippo-design|zippos;https://cdn.shopify.com/s/files/1/0953/4033/1388/files/60007742.jpg?v=1776855531
60007424;Zippo - Harley-Davidson Black Light;zippo-harley-davidson-black-light;https://rokersbenodigdheden.com/products/zippo-harley-davidson-black-light;Zippo;Zippo Aanstekers;82,90;;1 stuk;10;aanstekers|merk-zippo|zippo-harley|zippos;https://cdn.shopify.com/s/files/1/0953/4033/1388/files/0035_60007424.jpg?v=1776855391
60007748;Zippo - Harley-Davidson Black Matte;zippo-harley-davidson-black-matte;https://rokersbenodigdheden.com/products/zippo-harley-davidson-black-matte;Zippo;Zippo Aanstekers;74,90;;1 stuk;10;aanstekers|merk-zippo|zippo-harley|zippos;https://cdn.shopify.com/s/files/1/0953/4033/1388/files/60007748.jpg?v=1776855544
60004741;Zippo - Harley-Davidson Black and Orange logo;zippo-harley-davidson-black-and-orange-logo;https://rokersbenodigdheden.com/products/zippo-harley-davidson-black-and-orange-logo;Zippo;Zippo Aanstekers;72,90;;1 stuk;10;aanstekers|merk-zippo|zippo-harley|zippos;https://cdn.shopify.com/s/files/1/0953/4033/1388/files/60004741-5_18.jpg?v=1776855373
60007425;Zippo - Harley-Davidson Frequency;zippo-harley-davidson-frequency;https://rokersbenodigdheden.com/products/zippo-harley-davidson-frequency;Zippo;Zippo Aanstekers;74,90;;1 stuk;10;aanstekers|merk-zippo|zippo-harley|zippos;https://cdn.shopify.com/s/files/1/0953/4033/1388/files/0031_60007425.jpg?v=1776855392
60007747;Zippo - Harley-Davidson Orange Matte;zippo-harley-davidson-orange-matte;https://rokersbenodigdheden.com/products/zippo-harley-davidson-orange-matte;Zippo;Zippo Aanstekers;74,90;;1 stuk;10;aanstekers|merk-zippo|zippo-harley|zippos;https://cdn.shopify.com/s/files/1/0953/4033/1388/files/60007747.jpg?v=1776855543
60007375;Zippo - Heart Engine Design;zippo-heart-engine-design;https://rokersbenodigdheden.com/products/zippo-heart-engine-design;Zippo;Zippo Aanstekers;59,90;;1 stuk;10;aanstekers|merk-zippo|zippo-design|zippos;https://cdn.shopify.com/s/files/1/0953/4033/1388/files/0128_60007375.jpg?v=1776855393
60007666;Zippo - Heart Locket Design;zippo-heart-locket-design;https://rokersbenodigdheden.com/products/zippo-heart-locket-design;Zippo;Zippo Aanstekers;59,90;;1 stuk;10;aanstekers|merk-zippo|zippo-design|zippos;https://cdn.shopify.com/s/files/1/0953/4033/1388/files/60007666.jpg?v=1776855500
60007388;Zippo - Heavy Metal Design;zippo-heavy-metal-design;https://rokersbenodigdheden.com/products/zippo-heavy-metal-design;Zippo;Zippo Aanstekers;59,90;;1 stuk;10;aanstekers|merk-zippo|zippo-design|zippos;https://cdn.shopify.com/s/files/1/0953/4033/1388/files/0088_60007388.jpg?v=1776855393
60007668;Zippo - Hieroglyphs Design;zippo-hieroglyphs-design;https://rokersbenodigdheden.com/products/zippo-hieroglyphs-design;Zippo;Zippo Aanstekers;109,90;;1 stuk;10;aanstekers|merk-zippo|zippo-design|zippos;https://cdn.shopify.com/s/files/1/0953/4033/1388/files/60007668.jpg?v=1776855533
60007696;Zippo - Hockey Player Design;zippo-hockey-player-design;https://rokersbenodigdheden.com/products/zippo-hockey-player-design;Zippo;Zippo Aanstekers;52,90;;1 stuk;10;aanstekers|merk-zippo|zippo-design|zippos;https://cdn.shopify.com/s/files/1/0953/4033/1388/files/60007696.jpg?v=1776855495
60001477;Zippo - Hunter Chrome Polished;zippo-hunter-chrome-polished;https://rokersbenodigdheden.com/products/zippo-hunter-chrome-polished;Zippo;Zippo Aanstekers;54,90;;1 stuk;10;aanstekers|merk-zippo|zippos;https://cdn.shopify.com/s/files/1/0953/4033/1388/files/60001477_19.jpg?v=1776855445
60007371;Zippo - Hunting Dog Design;zippo-hunting-dog-design;https://rokersbenodigdheden.com/products/zippo-hunting-dog-design;Zippo;Zippo Aanstekers;49,90;;1 stuk;10;aanstekers|merk-zippo|zippo-design|zippos;https://cdn.shopify.com/s/files/1/0953/4033/1388/files/0140_60007371.jpg?v=1776855395
60007035;Zippo - I Love You Design;zippo-i-love-you-design;https://rokersbenodigdheden.com/products/zippo-i-love-you-design;Zippo;Zippo Aanstekers;57,90;;1 stuk;10;aanstekers|merk-zippo|zippo-design|zippos;https://cdn.shopify.com/s/files/1/0953/4033/1388/files/60007035.jpg?v=1776855461
60006446;Zippo - Insert Pipe - Gold Flashed;zippo-insert-pipe-gold-flashed;https://rokersbenodigdheden.com/products/zippo-insert-pipe-gold-flashed;Zippo;Zippo Aanstekers;29,90;;1 stuk;10;aanstekers|merk-zippo|zippos;https://cdn.shopify.com/s/files/1/0953/4033/1388/files/60006446_17.jpg?v=1776855448
60005397;Zippo - James Bond Black Ice Lasered;zippo-james-bond-black-ice-lasered;https://rokersbenodigdheden.com/products/zippo-james-bond-black-ice-lasered;Zippo;Zippo Aanstekers;89,90;;1 stuk;10;aanstekers|merk-zippo|zippos;https://cdn.shopify.com/s/files/1/0953/4033/1388/files/60005397_z-sp-lighter_150_pt01_6.jpg?v=1776855456
60007370;Zippo - Jumping Fish Design;zippo-jumping-fish-design;https://rokersbenodigdheden.com/products/zippo-jumping-fish-design;Zippo;Zippo Aanstekers;67,90;;1 stuk;10;aanstekers|merk-zippo|zippo-design|zippos;https://cdn.shopify.com/s/files/1/0953/4033/1388/files/0143_60007370.jpg?v=1776855395
60007372;Zippo - Kiss Design;zippo-kiss-design;https://rokersbenodigdheden.com/products/zippo-kiss-design;Zippo;Zippo Aanstekers;57,90;;1 stuk;10;aanstekers|merk-zippo|zippo-design|zippos;https://cdn.shopify.com/s/files/1/0953/4033/1388/files/0137_60007372.jpg?v=1776855396
60007737;Zippo - Leaf and Flowers Design;zippo-leaf-and-flowers-design;https://rokersbenodigdheden.com/products/zippo-leaf-and-flowers-design;Zippo;Zippo Aanstekers;82,90;;1 stuk;10;aanstekers|merk-zippo|zippo-design|zippos;https://cdn.shopify.com/s/files/1/0953/4033/1388/files/60007737.jpg?v=1776855522
60007673;Zippo - Lighthouse Design;zippo-lighthouse-design;https://rokersbenodigdheden.com/products/zippo-lighthouse-design;Zippo;Zippo Aanstekers;67,90;;1 stuk;10;aanstekers|merk-zippo|zippo-design|zippos;https://cdn.shopify.com/s/files/1/0953/4033/1388/files/60007673.jpg?v=1776855509
60006224;Zippo - Logo Design;zippo-logo-design;https://rokersbenodigdheden.com/products/zippo-logo-design;Zippo;Zippo Aanstekers;54,90;;1 stuk;10;aanstekers|merk-zippo|zippo-design|zippos;https://cdn.shopify.com/s/files/1/0953/4033/1388/files/60006224.jpg?v=1776855460
2008031;Zippo - Lollipop Navy;zippo-lollipop-navy;https://rokersbenodigdheden.com/products/zippo-lollipop-navy;Zippo;Zippo Aanstekers;57,90;;1 stuk;10;aanstekers|merk-zippo|zippos;https://cdn.shopify.com/s/files/1/0953/4033/1388/files/0292_2008031.jpg?v=1776855397
60001335;Zippo - Love Design;zippo-love-design;https://rokersbenodigdheden.com/products/zippo-love-design;Zippo;Zippo Aanstekers;39,90;;1 stuk;10;aanstekers|merk-zippo|zippo-design|zippos;https://cdn.shopify.com/s/files/1/0953/4033/1388/files/60001335_4.jpg?v=1776855457
60007741;Zippo - Lucky 13 Design;zippo-lucky-13-design;https://rokersbenodigdheden.com/products/zippo-lucky-13-design;Zippo;Zippo Aanstekers;72,90;;1 stuk;10;aanstekers|merk-zippo|zippo-design|zippos;https://cdn.shopify.com/s/files/1/0953/4033/1388/files/60007741.jpg?v=1776855476
60007631;Zippo - Lurid w/ Zippo Logo;zippo-lurid-w-zippo-logo;https://rokersbenodigdheden.com/products/zippo-lurid-w-zippo-logo;Zippo;Zippo Aanstekers;52,90;;1 stuk;10;aanstekers|merk-zippo|zippos;https://cdn.shopify.com/s/files/1/0953/4033/1388/files/60007631.jpg?v=1776855497
60007669;Zippo - Man Design;zippo-man-design;https://rokersbenodigdheden.com/products/zippo-man-design;Zippo;Zippo Aanstekers;52,90;;1 stuk;10;aanstekers|merk-zippo|zippo-design|zippos;https://cdn.shopify.com/s/files/1/0953/4033/1388/files/60007669.jpg?v=1776855532
2008151;Zippo - Medusa;zippo-medusa;https://rokersbenodigdheden.com/products/zippo-medusa;Zippo;Zippo Aanstekers;54,90;;1 stuk;10;aanstekers|merk-zippo|zippos;https://cdn.shopify.com/s/files/1/0953/4033/1388/files/2008151-1.jpg?v=1776855530
60007685;Zippo - Motorcycle Design;zippo-motorcycle-design;https://rokersbenodigdheden.com/products/zippo-motorcycle-design;Zippo;Zippo Aanstekers;50,90;59,90;1 stuk;4;aanstekers|merk-zippo|sale|zippo-design|zippos;https://cdn.shopify.com/s/files/1/0953/4033/1388/files/60007685.jpg?v=1776855489
60007697;Zippo - Mountain Bike Design;zippo-mountain-bike-design;https://rokersbenodigdheden.com/products/zippo-mountain-bike-design;Zippo;Zippo Aanstekers;59,90;;1 stuk;10;aanstekers|merk-zippo|zippo-design|zippos;https://cdn.shopify.com/s/files/1/0953/4033/1388/files/60007697.jpg?v=1776855487
60007659;Zippo - Mountains and Hawks Design;zippo-mountains-and-hawks-design;https://rokersbenodigdheden.com/products/zippo-mountains-and-hawks-design;Zippo;Zippo Aanstekers;59,90;;1 stuk;10;aanstekers|merk-zippo|zippo-design|zippos;https://cdn.shopify.com/s/files/1/0953/4033/1388/files/60007659.jpg?v=1776855416
60007661;Zippo - Mummy Design;zippo-mummy-design;https://rokersbenodigdheden.com/products/zippo-mummy-design;Zippo;Zippo Aanstekers;82,90;;1 stuk;10;aanstekers|merk-zippo|zippo-design|zippos;https://cdn.shopify.com/s/files/1/0953/4033/1388/files/60007661-1.jpg?v=1776855508
60006392;Zippo - Mushrooms Design;zippo-mushrooms-design;https://rokersbenodigdheden.com/products/zippo-mushrooms-design;Zippo;Zippo Aanstekers;67,90;;1 stuk;10;aanstekers|merk-zippo|zippo-design|zippos;https://cdn.shopify.com/s/files/1/0953/4033/1388/files/60006392_8.jpg?v=1776855375
60007221;Zippo - Mythological Design;zippo-mythological-design;https://rokersbenodigdheden.com/products/zippo-mythological-design;Zippo;Zippo Aanstekers;57,90;;1 stuk;10;aanstekers|merk-zippo|zippo-design|zippos;https://cdn.shopify.com/s/files/1/0953/4033/1388/files/0174_60007221.jpg?v=1776855400
60006590;Zippo - Outdoors Lava Flow Design;zippo-outdoors-lava-flow-design;https://rokersbenodigdheden.com/products/zippo-outdoors-lava-flow-design;Zippo;Zippo Aanstekers;82,90;;1 stuk;10;aanstekers|merk-zippo|zippo-design|zippos;https://cdn.shopify.com/s/files/1/0953/4033/1388/files/60006590_7.jpg?v=1776855374
60007688;Zippo - Pattern Design Brushed Brass;zippo-pattern-design-brushed-brass;https://rokersbenodigdheden.com/products/zippo-pattern-design-brushed-brass;Zippo;Zippo Aanstekers;59,90;;1 stuk;10;aanstekers|merk-zippo|zippo-design|zippos;https://cdn.shopify.com/s/files/1/0953/4033/1388/files/60007688.jpg?v=1776855537
60007731;Zippo - Pattern Design Green Matte;zippo-pattern-design-green-matte;https://rokersbenodigdheden.com/products/zippo-pattern-design-green-matte;Zippo;Zippo Aanstekers;59,90;;1 stuk;10;aanstekers|merk-zippo|zippo-design|zippos;https://cdn.shopify.com/s/files/1/0953/4033/1388/files/60007731.jpg?v=1776855539
60006610;Zippo - Pattern Design High Polish Brass;zippo-pattern-design-high-polish-brass;https://rokersbenodigdheden.com/products/zippo-pattern-design-high-polish-brass;Zippo;Zippo Aanstekers;109,90;;1 stuk;10;aanstekers|merk-zippo|zippo-design|zippos;https://cdn.shopify.com/s/files/1/0953/4033/1388/files/60006610.jpg?v=1776855417
60007686;Zippo - Pattern Design Smoky Lavender;zippo-pattern-design-smoky-lavender;https://rokersbenodigdheden.com/products/zippo-pattern-design-smoky-lavender;Zippo;Zippo Aanstekers;59,90;;1 stuk;10;aanstekers|merk-zippo|zippo-design|zippos;https://cdn.shopify.com/s/files/1/0953/4033/1388/files/60007686.jpg?v=1776855537
60007721;Zippo - Pattern Design Tumbled Brass;zippo-pattern-design-tumbled-brass;https://rokersbenodigdheden.com/products/zippo-pattern-design-tumbled-brass;Zippo;Zippo Aanstekers;82,90;;1 stuk;10;aanstekers|merk-zippo|zippo-design|zippos;https://cdn.shopify.com/s/files/1/0953/4033/1388/files/60007721.jpg?v=1776855535
60007738;Zippo - Poker Design;zippo-poker-design;https://rokersbenodigdheden.com/products/zippo-poker-design;Zippo;Zippo Aanstekers;69,90;;1 stuk;10;merk-zippo|zippo-design|zippos;https://cdn.shopify.com/s/files/1/0953/4033/1388/files/60007738.jpg?v=1776855504
60007650;Zippo - Psychedelic Skull Design;zippo-psychedelic-skull-design;https://rokersbenodigdheden.com/products/zippo-psychedelic-skull-design;Zippo;Zippo Aanstekers;79,90;;1 stuk;10;merk-zippo|zippo-design|zippos;https://cdn.shopify.com/s/files/1/0953/4033/1388/files/60007650.jpg?v=1776855525
60007395;Zippo - Punk Zombie Design;zippo-punk-zombie-design;https://rokersbenodigdheden.com/products/zippo-punk-zombie-design;Zippo;Zippo Aanstekers;79,90;;1 stuk;10;merk-zippo|zippo-design|zippos;https://cdn.shopify.com/s/files/1/0953/4033/1388/files/0063_60007395.jpg?v=1776855398
60007739;Zippo - Raccoon Hiker Design;zippo-raccoon-hiker-design;https://rokersbenodigdheden.com/products/zippo-raccoon-hiker-design;Zippo;Zippo Aanstekers;59,90;;1 stuk;10;merk-zippo|zippo-design|zippos;https://cdn.shopify.com/s/files/1/0953/4033/1388/files/60007739.jpg?v=1776855500
2008027;Zippo - Racing Car;zippo-racing-car;https://rokersbenodigdheden.com/products/zippo-racing-car;Zippo;Zippo Aanstekers;57,90;;1 stuk;10;merk-zippo|zippos;https://cdn.shopify.com/s/files/1/0953/4033/1388/files/0298_2008027.jpg?v=1776855399
60007648;Zippo - Racing Car Design;zippo-racing-car-design;https://rokersbenodigdheden.com/products/zippo-racing-car-design;Zippo;Zippo Aanstekers;82,90;;1 stuk;10;merk-zippo|zippo-design|zippos;https://cdn.shopify.com/s/files/1/0953/4033/1388/files/60007648.jpg?v=1776855505
60007654;Zippo - Realms Design;zippo-realms-design;https://rokersbenodigdheden.com/products/zippo-realms-design;Zippo;Zippo Aanstekers;59,90;;1 stuk;10;merk-zippo|zippo-design|zippos;https://cdn.shopify.com/s/files/1/0953/4033/1388/files/60007654.jpg?v=1776855541
60007418;Zippo - Realtree® Design;zippo-realtree-design;https://rokersbenodigdheden.com/products/zippo-realtree-design;Zippo;Zippo Aanstekers;82,90;;1 stuk;10;merk-zippo|zippo-design|zippos;https://cdn.shopify.com/s/files/1/0953/4033/1388/files/0055_60007418.jpg?v=1776855401
60007435;Zippo - Retro Design;zippo-retro-design;https://rokersbenodigdheden.com/products/zippo-retro-design;Zippo;Zippo Aanstekers;72,90;;1 stuk;10;merk-zippo|zippo-design|zippos;https://cdn.shopify.com/s/files/1/0953/4033/1388/files/0028_60007435.jpg?v=1776855398
60007707;Zippo - Rick Rietveld Candy Apple Red;zippo-rick-rietveld-candy-apple-red;https://rokersbenodigdheden.com/products/zippo-rick-rietveld-candy-apple-red;Zippo;Zippo Aanstekers;62,90;;1 stuk;10;merk-zippo|zippos;https://cdn.shopify.com/s/files/1/0953/4033/1388/files/60007707.jpg?v=1776855526
60007746;Zippo - Rietveld Iron Stone;zippo-rietveld-iron-stone;https://rokersbenodigdheden.com/products/zippo-rietveld-iron-stone;Zippo;Zippo Aanstekers;62,90;;1 stuk;10;merk-zippo|zippos;https://cdn.shopify.com/s/files/1/0953/4033/1388/files/60007746.jpg?v=1776855528
60007732;Zippo - Rock On Design;zippo-rock-on-design;https://rokersbenodigdheden.com/products/zippo-rock-on-design;Zippo;Zippo Aanstekers;59,90;;1 stuk;10;merk-zippo|zippo-design|zippos;https://cdn.shopify.com/s/files/1/0953/4033/1388/files/60007732.jpg?v=1776855515
60007647;Zippo - Samurai Design;zippo-samurai-design;https://rokersbenodigdheden.com/products/zippo-samurai-design;Zippo;Zippo Aanstekers;82,90;;1 stuk;10;merk-zippo|zippo-design|zippos;https://cdn.shopify.com/s/files/1/0953/4033/1388/files/60007647.jpg?v=1776855477
60007373;Zippo - Samurai Warrior Design;zippo-samurai-warrior-design;https://rokersbenodigdheden.com/products/zippo-samurai-warrior-design;Zippo;Zippo Aanstekers;50,90;59,90;1 stuk;7;merk-zippo|sale|zippo-design|zippos;https://cdn.shopify.com/s/files/1/0953/4033/1388/files/0134_60007373.jpg?v=1776855408
60007653;Zippo - Sci Fi Pinup Design;zippo-sci-fi-pinup-design;https://rokersbenodigdheden.com/products/zippo-sci-fi-pinup-design;Zippo;Zippo Aanstekers;59,90;;1 stuk;10;merk-zippo|zippo-design|zippos;https://cdn.shopify.com/s/files/1/0953/4033/1388/files/60007653.jpg?v=1776855540
60007637;Zippo - Scorpion Design;zippo-scorpion-design;https://rokersbenodigdheden.com/products/zippo-scorpion-design;Zippo;Zippo Aanstekers;69,90;;1 stuk;10;merk-zippo|zippo-design|zippos;https://cdn.shopify.com/s/files/1/0953/4033/1388/files/60007637.jpg?v=1776855481
60007692;Zippo - Skull Design High Polish Brass;zippo-skull-design-high-polish-brass;https://rokersbenodigdheden.com/products/zippo-skull-design-high-polish-brass;Zippo;Zippo Aanstekers;69,90;;1 stuk;10;merk-zippo|zippo-design|zippos;https://cdn.shopify.com/s/files/1/0953/4033/1388/files/60007692.jpg?v=1776855510
60007716;Zippo - Skull Gardener Design;zippo-skull-gardener-design;https://rokersbenodigdheden.com/products/zippo-skull-gardener-design;Zippo;Zippo Aanstekers;59,90;;1 stuk;10;merk-zippo|zippo-design|zippos;https://cdn.shopify.com/s/files/1/0953/4033/1388/files/60007716.jpg?v=1776855499
60007730;Zippo - Skull Leopard Design Black Matte;zippo-skull-leopard-design-black-matte;https://rokersbenodigdheden.com/products/zippo-skull-leopard-design-black-matte;Zippo;Zippo Aanstekers;59,90;;1 stuk;10;merk-zippo|zippo-design|zippos;https://cdn.shopify.com/s/files/1/0953/4033/1388/files/60007730.jpg?v=1776855538
60007365;Zippo - Skull Mandala Design;zippo-skull-mandala-design;https://rokersbenodigdheden.com/products/zippo-skull-mandala-design;Zippo;Zippo Aanstekers;72,90;;1 stuk;10;merk-zippo|zippo-design|zippos;https://cdn.shopify.com/s/files/1/0953/4033/1388/files/0159_60007365.jpg?v=1776855408
60007691;Zippo - Skull Shake Design;zippo-skull-shake-design;https://rokersbenodigdheden.com/products/zippo-skull-shake-design;Zippo;Zippo Aanstekers;69,90;;1 stuk;10;merk-zippo|zippo-design|zippos;https://cdn.shopify.com/s/files/1/0953/4033/1388/files/60007691.jpg?v=1776855510
60007695;Zippo - Skull and Snake Design;zippo-skull-and-snake-design;https://rokersbenodigdheden.com/products/zippo-skull-and-snake-design;Zippo;Zippo Aanstekers;52,90;;1 stuk;10;merk-zippo|zippo-design|zippos;https://cdn.shopify.com/s/files/1/0953/4033/1388/files/60007695.jpg?v=1776855514
60007709;Zippo - Skulls Design Candy Apple Red;zippo-skulls-design-candy-apple-red;https://rokersbenodigdheden.com/products/zippo-skulls-design-candy-apple-red;Zippo;Zippo Aanstekers;59,90;;1 stuk;10;merk-zippo|zippo-design|zippos;https://cdn.shopify.com/s/files/1/0953/4033/1388/files/60007709.jpg?v=1776855513
60007541;Zippo - Smokey Leaf Design;zippo-smokey-leaf-design;https://rokersbenodigdheden.com/products/zippo-smokey-leaf-design;Zippo;Zippo Aanstekers;72,90;;1 stuk;10;merk-zippo|zippo-design|zippos;https://cdn.shopify.com/s/files/1/0953/4033/1388/files/60007541.jpg?v=1776855456
60007431;Zippo - Smoky Lavender;zippo-smoky-lavender;https://rokersbenodigdheden.com/products/zippo-smoky-lavender;Zippo;Zippo Aanstekers;44,90;;1 stuk;10;merk-zippo|zippos;https://cdn.shopify.com/s/files/1/0953/4033/1388/files/60007431.jpg?v=1776855493
60007432;Zippo - Smoky Lavender w/ Zippo Logo;zippo-smoky-lavender-w-zippo-logo;https://rokersbenodigdheden.com/products/zippo-smoky-lavender-w-zippo-logo;Zippo;Zippo Aanstekers;52,90;;1 stuk;10;merk-zippo|zippos;https://cdn.shopify.com/s/files/1/0953/4033/1388/files/60007432.jpg?v=1776855486
60007698;Zippo - Solar System Design;zippo-solar-system-design;https://rokersbenodigdheden.com/products/zippo-solar-system-design;Zippo;Zippo Aanstekers;67,90;;1 stuk;10;merk-zippo|zippo-design|zippos;https://cdn.shopify.com/s/files/1/0953/4033/1388/files/60007698.jpg?v=1776855473
60007423;Zippo - Stamped Heart Design;zippo-stamped-heart-design;https://rokersbenodigdheden.com/products/zippo-stamped-heart-design;Zippo;Zippo Aanstekers;57,90;;1 stuk;10;merk-zippo|zippo-design|zippos;https://cdn.shopify.com/s/files/1/0953/4033/1388/files/0038_60007423.jpg?v=1776855406
60007634;Zippo - Statue of Liberty Design;zippo-statue-of-liberty-design;https://rokersbenodigdheden.com/products/zippo-statue-of-liberty-design;Zippo;Zippo Aanstekers;79,90;;1 stuk;10;merk-zippo|zippo-design|zippos;https://cdn.shopify.com/s/files/1/0953/4033/1388/files/60007634.jpg?v=1776855503
2005032;Zippo - Steam Punk Heart;zippo-steam-punk-heart;https://rokersbenodigdheden.com/products/zippo-steam-punk-heart;Zippo;Zippo Aanstekers;62,90;;1 stuk;10;merk-zippo|zippos;https://cdn.shopify.com/s/files/1/0953/4033/1388/files/2005032_23.jpg?v=1776855431
60007725;Zippo - Surfing Astronaut Design;zippo-surfing-astronaut-design;https://rokersbenodigdheden.com/products/zippo-surfing-astronaut-design;Zippo;Zippo Aanstekers;59,90;;1 stuk;10;merk-zippo|zippo-design|zippos;https://cdn.shopify.com/s/files/1/0953/4033/1388/files/60007725.jpg?v=1776855514
60007660;Zippo - T Rex Design;zippo-t-rex-design;https://rokersbenodigdheden.com/products/zippo-t-rex-design;Zippo;Zippo Aanstekers;52,90;;1 stuk;10;merk-zippo|zippo-design|zippos;https://cdn.shopify.com/s/files/1/0953/4033/1388/files/60007660.jpg?v=1776855507
60000987;Zippo - This Stunning Four Leaf Clover;zippo-this-stunning-four-leaf-clover;https://rokersbenodigdheden.com/products/zippo-this-stunning-four-leaf-clover;Zippo;Zippo Aanstekers;52,90;;1 stuk;10;merk-zippo|zippos;https://cdn.shopify.com/s/files/1/0953/4033/1388/files/zippo_-_this_stunning_four_leaf_clover_27.jpg?v=1776855428
60007646;Zippo - Tiger Design Brushed Chrome;zippo-tiger-design-brushed-chrome;https://rokersbenodigdheden.com/products/zippo-tiger-design-brushed-chrome;Zippo;Zippo Aanstekers;52,90;;1 stuk;10;merk-zippo|zippo-design|zippos;https://cdn.shopify.com/s/files/1/0953/4033/1388/files/60007646.jpg?v=1776855479
60005720;Zippo - Viking Design;zippo-viking-design;https://rokersbenodigdheden.com/products/zippo-viking-design;Zippo;Zippo Aanstekers;49,90;;1 stuk;10;merk-zippo|zippo-design|zippos;https://cdn.shopify.com/s/files/1/0953/4033/1388/files/60005720_7.jpg?v=1776855462
60007679;Zippo - Vintage Photo Design;zippo-vintage-photo-design;https://rokersbenodigdheden.com/products/zippo-vintage-photo-design;Zippo;Zippo Aanstekers;59,90;;1 stuk;10;merk-zippo|zippo-design|zippos;https://cdn.shopify.com/s/files/1/0953/4033/1388/files/60007679.jpg?v=1776855534
60007704;Zippo - Vintage Zippo Design Auto Engrave;zippo-vintage-zippo-design-auto-engrave;https://rokersbenodigdheden.com/products/zippo-vintage-zippo-design-auto-engrave;Zippo;Zippo Aanstekers;59,90;;1 stuk;10;merk-zippo|zippo-design|zippos;https://cdn.shopify.com/s/files/1/0953/4033/1388/files/60007704.jpg?v=1776855466
60007703;Zippo - Vintage Zippo Design Color Image;zippo-vintage-zippo-design-color-image;https://rokersbenodigdheden.com/products/zippo-vintage-zippo-design-color-image;Zippo;Zippo Aanstekers;59,90;;1 stuk;10;merk-zippo|zippo-design|zippos;https://cdn.shopify.com/s/files/1/0953/4033/1388/files/60007703.jpg?v=1776855466
60007379;Zippo - Wild West Cowboy Design;zippo-wild-west-cowboy-design;https://rokersbenodigdheden.com/products/zippo-wild-west-cowboy-design;Zippo;Zippo Aanstekers;52,90;;1 stuk;10;merk-zippo|zippo-design|zippos;https://cdn.shopify.com/s/files/1/0953/4033/1388/files/0116_60007379.jpg?v=1776855407
60007392;Zippo - Wolves Design;zippo-wolves-design;https://rokersbenodigdheden.com/products/zippo-wolves-design;Zippo;Zippo Aanstekers;82,90;;1 stuk;10;merk-zippo|zippo-design|zippos;https://cdn.shopify.com/s/files/1/0953/4033/1388/files/0075_60007392.jpg?v=1776855405
60004583;Zippo - Woodchuck Brushed Brass;zippo-woodchuck-brushed-brass;https://rokersbenodigdheden.com/products/zippo-woodchuck-brushed-brass;Zippo;Zippo Aanstekers;102,90;;1 stuk;10;merk-zippo|zippos;https://cdn.shopify.com/s/files/1/0953/4033/1388/files/60004583-3_19.jpg?v=1776855438
60007684;Zippo - Worker Design;zippo-worker-design;https://rokersbenodigdheden.com/products/zippo-worker-design;Zippo;Zippo Aanstekers;59,90;;1 stuk;10;merk-zippo|zippo-design|zippos;https://cdn.shopify.com/s/files/1/0953/4033/1388/files/60007684.jpg?v=1776855483
60007750;Zippo - Year of the Horse 2026;zippo-year-of-the-horse-2026;https://rokersbenodigdheden.com/products/zippo-year-of-the-horse-2026;Zippo;Zippo Aanstekers;69,90;;1 stuk;10;merk-zippo|zippos;https://cdn.shopify.com/s/files/1/0953/4033/1388/files/60007750.jpg?v=1776855479
60007701;Zippo - Yin Yang Design;zippo-yin-yang-design;https://rokersbenodigdheden.com/products/zippo-yin-yang-design;Zippo;Zippo Aanstekers;72,90;;1 stuk;10;merk-zippo|zippo-design|zippos;https://cdn.shopify.com/s/files/1/0953/4033/1388/files/60007701.jpg?v=1776855474
2004667;Zippo - Zipper Girl;zippo-zipper-girl;https://rokersbenodigdheden.com/products/zippo-zipper-girl;Zippo;Zippo Aanstekers;64,90;;1 stuk;10;merk-zippo|zippos;https://cdn.shopify.com/s/files/1/0953/4033/1388/files/2004667_28.jpg?v=1776855427
60007710;Zippo - Zippo Car Design;zippo-zippo-car-design;https://rokersbenodigdheden.com/products/zippo-zippo-car-design;Zippo;Zippo Aanstekers;69,90;;1 stuk;10;merk-zippo|zippo-design|zippos;https://cdn.shopify.com/s/files/1/0953/4033/1388/files/60007710.jpg?v=1776855468
60005811;Zippo - Zippo Design Floral;zippo-zippo-design-floral;https://rokersbenodigdheden.com/products/zippo-zippo-design-floral;Zippo;Zippo Aanstekers;79,90;;1 stuk;10;merk-zippo|zippo-design|zippos;https://cdn.shopify.com/s/files/1/0953/4033/1388/files/60005811_18.jpg?v=1776855443
60007713;Zippo - Zippo Design High Polish Black;zippo-zippo-design-high-polish-black;https://rokersbenodigdheden.com/products/zippo-zippo-design-high-polish-black;Zippo;Zippo Aanstekers;72,90;;1 stuk;10;merk-zippo|zippo-design|zippos;https://cdn.shopify.com/s/files/1/0953/4033/1388/files/60007713.jpg?v=1776855469
60007733;Zippo - Zippo Design Satin Chrome;zippo-zippo-design-satin-chrome;https://rokersbenodigdheden.com/products/zippo-zippo-design-satin-chrome;Zippo;Zippo Aanstekers;52,90;;1 stuk;10;merk-zippo|zippo-design|zippos;https://cdn.shopify.com/s/files/1/0953/4033/1388/files/60007733.jpg?v=1776855464
60003424;Zippo - Zippo Gear Multi Cut;zippo-zippo-gear-multi-cut;https://rokersbenodigdheden.com/products/zippo-zippo-gear-multi-cut;Zippo;Zippo Aanstekers;179,90;;1 stuk;10;merk-zippo|zippos;https://cdn.shopify.com/s/files/1/0953/4033/1388/files/0247_60003424.jpg?v=1776855383
60007712;Zippo - Zippo Pattern Design;zippo-zippo-pattern-design;https://rokersbenodigdheden.com/products/zippo-zippo-pattern-design;Zippo;Zippo Aanstekers;69,90;;1 stuk;10;merk-zippo|zippo-design|zippos;https://cdn.shopify.com/s/files/1/0953/4033/1388/files/60007712.jpg?v=1776855465
60007223;Zippo - Zippo Triangle Design;zippo-zippo-triangle-design;https://rokersbenodigdheden.com/products/zippo-zippo-triangle-design;Zippo;Zippo Aanstekers;59,90;;1 stuk;10;merk-zippo|zippo-design|zippos;https://cdn.shopify.com/s/files/1/0953/4033/1388/files/0171_60007223.jpg?v=1776855382
60007421;Zippo - Zippo Windproof Lighter Design;zippo-zippo-windproof-lighter-design;https://rokersbenodigdheden.com/products/zippo-zippo-windproof-lighter-design;Zippo;Zippo Aanstekers;69,90;;1 stuk;10;merk-zippo|zippo-design|zippos;https://cdn.shopify.com/s/files/1/0953/4033/1388/files/0045_60007421.jpg?v=1776855382
60001166;Zippo Regular - Brass High Polished;zippo-regular-brass-high-polished;https://rokersbenodigdheden.com/products/zippo-regular-brass-high-polished;Zippo;Zippo Aanstekers;52,90;;1 stuk;10;merk-zippo|zippos;https://cdn.shopify.com/s/files/1/0953/4033/1388/files/60001166_24.jpg?v=1776855423
60001274;Zippo Regular - Grey Dusk;zippo-regular-grey-dusk;https://rokersbenodigdheden.com/products/zippo-regular-grey-dusk;Zippo;Zippo Aanstekers;44,90;;1 stuk;10;merk-zippo|zippos;https://cdn.shopify.com/s/files/1/0953/4033/1388/files/60001274_8.jpg?v=1776855454
60005222;Zippo Regular - High Polish Teal;zippo-regular-high-polish-teal;https://rokersbenodigdheden.com/products/zippo-regular-high-polish-teal;Zippo;Zippo Aanstekers;52,90;;1 stuk;10;merk-zippo|zippos;https://cdn.shopify.com/s/files/1/0953/4033/1388/files/60005222_18.jpg?v=1776855441
60005216;Zippo Regular - Iridescent Matte;zippo-regular-iridescent-matte;https://rokersbenodigdheden.com/products/zippo-regular-iridescent-matte;Zippo;Zippo Aanstekers;44,90;;1 stuk;10;merk-zippo|zippos;https://cdn.shopify.com/s/files/1/0953/4033/1388/files/60005216_23.jpg?v=1776855439
60005258;Zippo Regular - Purple Matte;zippo-regular-purple-matte;https://rokersbenodigdheden.com/products/zippo-regular-purple-matte;Zippo;Zippo Aanstekers;44,90;;1 stuk;10;merk-zippo|zippos;https://cdn.shopify.com/s/files/1/0953/4033/1388/files/60005258_19.jpg?v=1776855442
60001164;Zippo Regular - Sapphire;zippo-regular-sapphire;https://rokersbenodigdheden.com/products/zippo-regular-sapphire;Zippo;Zippo Aanstekers;52,90;;1 stuk;10;merk-zippo|zippos;https://cdn.shopify.com/s/files/1/0953/4033/1388/files/60001164_7.jpg?v=1776855451
60000808;Zippo Regular - Vintage Brass Brushed;zippo-regular-vintage-brass-brushed;https://rokersbenodigdheden.com/products/zippo-regular-vintage-brass-brushed;Zippo;Zippo Aanstekers;52,90;;1 stuk;10;merk-zippo|zippos;https://cdn.shopify.com/s/files/1/0953/4033/1388/files/60000808_10.jpg?v=1776855450
60001168;Zippo Regular - Vintage Brass High Polished;zippo-regular-vintage-brass-high-polished;https://rokersbenodigdheden.com/products/zippo-regular-vintage-brass-high-polished;Zippo;Zippo Aanstekers;52,90;;1 stuk;10;merk-zippo|zippos;https://cdn.shopify.com/s/files/1/0953/4033/1388/files/60001168_9.jpg?v=1776855452
60001167;Zippo Regular - Vintage Chrome Brushed;zippo-regular-vintage-chrome-brushed;https://rokersbenodigdheden.com/products/zippo-regular-vintage-chrome-brushed;Zippo;Zippo Aanstekers;44,90;;1 stuk;10;merk-zippo|zippos;https://cdn.shopify.com/s/files/1/0953/4033/1388/files/60001167_12.jpg?v=1776855450
60001317;Zippo Regular - Vintage Street Chrome;zippo-regular-vintage-street-chrome;https://rokersbenodigdheden.com/products/zippo-regular-vintage-street-chrome;Zippo;Zippo Aanstekers;44,90;;1 stuk;10;merk-zippo|zippos;https://cdn.shopify.com/s/files/1/0953/4033/1388/files/60001317_22.jpg?v=1776855425
60001182;Zippo Slim - Black Ice;zippo-slim-black-ice;https://rokersbenodigdheden.com/products/zippo-slim-black-ice;Zippo;Zippo Aanstekers;52,90;;1 stuk;10;merk-zippo|zippos;https://cdn.shopify.com/s/files/1/0953/4033/1388/files/60001182_16.jpg?v=1776855430
60001178;Zippo Slim - Chrome Brushed;zippo-slim-chrome-brushed;https://rokersbenodigdheden.com/products/zippo-slim-chrome-brushed;Zippo;Zippo Aanstekers;32,90;;1 stuk;10;merk-zippo|zippos;https://cdn.shopify.com/s/files/1/0953/4033/1388/files/60001178_5.jpg?v=1776855451
60001264;Zippo Slim - Ebony w/ Zippo Logo;zippo-slim-ebony-w-zippo-logo;https://rokersbenodigdheden.com/products/zippo-slim-ebony-w-zippo-logo;Zippo;Zippo Aanstekers;62,90;;1 stuk;10;merk-zippo|zippos;https://cdn.shopify.com/s/files/1/0953/4033/1388/files/60001264_16.jpg?v=1776855431
60000852;Zippo Slim - Sterling Silver;zippo-slim-sterling-silver;https://rokersbenodigdheden.com/products/zippo-slim-sterling-silver;Zippo;Zippo Aanstekers;429,90;;1 stuk;10;merk-zippo|zippos;https://cdn.shopify.com/s/files/1/0953/4033/1388/files/60000852_1_4.jpg?v=1776855454
60001219;Zippo - Accessoires - Lighter Pouche (Etui) - Black Clip;zippo-accessoires-lighter-pouche-etui-black-clip;https://rokersbenodigdheden.com/products/zippo-accessoires-lighter-pouche-etui-black-clip;Zippo;Zippo Accessoires;22,90;;1 stuk;10;aanstekers|all|merk-zippo|zippo-etuis|zippos;https://cdn.shopify.com/s/files/1/0953/4033/1388/files/0265_60001219.jpg?v=1776855404
60001217;Zippo - Accessoires - Lighter Pouche (Etui) - Black Loop;zippo-accessoires-lighter-pouche-etui-black-loop;https://rokersbenodigdheden.com/products/zippo-accessoires-lighter-pouche-etui-black-loop;Zippo;Zippo Accessoires;22,90;;1 stuk;10;aanstekers|all|merk-zippo|zippo-etuis|zippos;https://cdn.shopify.com/s/files/1/0953/4033/1388/files/0273_60001217.jpg?v=1776855404
60001218;Zippo - Accessoires - Lighter Pouche (Etui) - Brown Clip;zippo-accessoires-lighter-pouche-etui-brown-clip;https://rokersbenodigdheden.com/products/zippo-accessoires-lighter-pouche-etui-brown-clip;Zippo;Zippo Accessoires;22,90;;1 stuk;10;aanstekers|all|merk-zippo|zippo-etuis|zippos;https://cdn.shopify.com/s/files/1/0953/4033/1388/files/0269_60001218.jpg?v=1776855403
60001216;Zippo - Accessoires - Lighter Pouche (Etui) - Brown Loop;zippo-accessoires-lighter-pouche-etui-brown-loop;https://rokersbenodigdheden.com/products/zippo-accessoires-lighter-pouche-etui-brown-loop;Zippo;Zippo Accessoires;22,90;;1 stuk;10;aanstekers|all|merk-zippo|zippo-etuis|zippos;https://cdn.shopify.com/s/files/1/0953/4033/1388/files/0276_60001216.jpg?v=1776855402
60001255;Zippo - Accessoires - Lighter Pouche (Etui) - Harley;zippo-accessoires-lighter-pouche-etui-harley;https://rokersbenodigdheden.com/products/zippo-accessoires-lighter-pouche-etui-harley;Zippo;Zippo Accessoires;24,90;;1 stuk;10;aanstekers|all|merk-zippo|zippo-etuis|zippo-harley|zippos;https://cdn.shopify.com/s/files/1/0953/4033/1388/files/0260_60001255.jpg?v=1776855409
60001221;Zippo - Accessoires - Lighter Pouche (Etui) - Open Loop;zippo-accessoires-lighter-pouche-etui-open-loop;https://rokersbenodigdheden.com/products/zippo-accessoires-lighter-pouche-etui-open-loop;Zippo;Zippo Accessoires;22,90;;1 stuk;10;aanstekers|all|merk-zippo|zippo-etuis|zippos;https://cdn.shopify.com/s/files/1/0953/4033/1388/files/0264_60001221.jpg?v=1776855410
60001324;Zippo - Lontje/Wick (1-Stuk);zippo-lontje-wick-1-stuk;https://rokersbenodigdheden.com/products/zippo-lontje-wick-1-stuk;Zippo;Zippo Accessoires;2,60;;1 stuk;10;aanstekers|merk-zippo|zippo-accessoires|zippos;https://cdn.shopify.com/s/files/1/0953/4033/1388/files/60001324-1.jpg?v=1776855370
2007999;Zippo - Sigarenkoker - Carbon Range;zippo-sigarenkoker-carbon-range;https://rokersbenodigdheden.com/products/zippo-sigarenkoker-carbon-range;Zippo;Zippo Accessoires;34,90;;1 stuk;10;merk-zippo|sigaren|sigarenkokers|sigarettenkokers|zippos;https://cdn.shopify.com/s/files/1/0953/4033/1388/files/2007999.jpg?v=1776855412
2007985;Zippo - Sigarenkoker - Signature Range;zippo-sigarenkoker-signature-range;https://rokersbenodigdheden.com/products/zippo-sigarenkoker-signature-range;Zippo;Zippo Accessoires;54,90;;1 stuk;10;merk-zippo|sigaren|sigarenkokers|sigarettenkokers|zippos;https://cdn.shopify.com/s/files/1/0953/4033/1388/files/2007985.jpg?v=1776855414
2008011;Zippo - Sigarenkoker - Vintage Range;zippo-sigarenkoker-vintage-range;https://rokersbenodigdheden.com/products/zippo-sigarenkoker-vintage-range;Zippo;Zippo Accessoires;39,90;;1 stuk;10;merk-zippo|sigaren|sigarenkokers|sigarettenkokers|zippos;https://cdn.shopify.com/s/files/1/0953/4033/1388/files/2008011.jpg?v=1776855413
60000743;Zippo - Vuursteentjes (Flints) - 6 per unit - Set van 4;zippo-vuursteentjes-flints-6-per-unit-blister-24st;https://rokersbenodigdheden.com/products/zippo-vuursteentjes-flints-6-per-unit-blister-24st;Zippo;Zippo Accessoires;8,95;;Set van 4;10;aanstekergas-vuurstenen|merk-zippo|zippos;https://cdn.shopify.com/s/files/1/0953/4033/1388/files/60000743_47.jpg?v=1776855372
2008020;Zippo - Zip-around Wallet - Signature Women's Range 2008020;zippo-zip-around-wallet-signature-women-s-range-2008020;https://rokersbenodigdheden.com/products/zippo-zip-around-wallet-signature-women-s-range-2008020;Zippo;Zippo Accessoires;55,90;69,90;1 stuk;4;merk-zippo|sale|zippos;https://cdn.shopify.com/s/files/1/0953/4033/1388/files/2008020.jpg?v=1776855415
60005676;Zippo Lighter Pouche Molle Pouch Green And Lighter Gift Set;zippo-lighter-pouche-molle-pouch-green-and-lighter-gift-set;https://rokersbenodigdheden.com/products/zippo-lighter-pouche-molle-pouch-green-and-lighter-gift-set;Zippo;Zippo Accessoires;62,50;77,90;1 stuk;4;merk-zippo|sale|zippo-etuis|zippos;https://cdn.shopify.com/s/files/1/0953/4033/1388/files/60005676_6.jpg?v=1776855376
